Row ID,Order ID,Order Date,Ship Date,Ship Mode,Customer ID,Customer Name,Segment,City,State,Country,Postal Code,Market,Region,Product ID,Category,Sub-Category,Product Name,Sales,Quantity,Discount,Profit,Shipping Cost,Order Priority
46366,CA-2014-6550,23-12-2014,25-12-2014,Second Class,SV-10815,Stuart Van,Corporate,Montréal,Quebec,Canada,,Canada,Canada,TEC-MOT-10000554,Technology,Phones,"Motorola Smart Phone, Full Size",3863.88,6,0.0,1159.02,546.56,Critical
50773,CA-2013-1260,24-08-2013,26-08-2013,Second Class,DW-3480,Dianna Wilson,Home Office,Guelph,Ontario,Canada,,Canada,Canada,TEC-HEW-10003829,Technology,Copiers,"Hewlett Wireless Fax, High-Speed",2270.34,6,0.0,1112.4,294.25,Medium
45096,CA-2012-8790,07-07-2012,09-07-2012,First Class,RH-9600,Rob Haberlin,Consumer,Vancouver,British Columbia,Canada,,Canada,Canada,OFF-BRE-10002706,Office Supplies,Appliances,"Breville Microwave, White",1799.1,6,0.0,593.64,274.75,High
49924,CA-2013-8350,22-12-2013,24-12-2013,Second Class,SS-10410,Shahid Shariari,Consumer,Brampton,Ontario,Canada,,Canada,Canada,OFF-ROG-10002294,Office Supplies,Storage,"Rogers File Cart, Single Width",1704.96,12,0.0,272.52,233.11,High
46300,CA-2014-560,08-10-2014,08-10-2014,Same Day,SW-10275,Scott Williamson,Consumer,Kitchener,Ontario,Canada,,Canada,Canada,FUR-HON-10001558,Furniture,Chairs,"Hon Swivel Stool, Black",967.32,6,0.0,270.72,193.25,Medium
50638,CA-2012-5670,29-06-2012,03-07-2012,Second Class,BF-1080,Bart Folk,Consumer,Edmonton,Alberta,Canada,,Canada,Canada,TEC-HEW-10003829,Technology,Copiers,"Hewlett Wireless Fax, High-Speed",1513.56,4,0.0,741.6,184.84,High
44228,CA-2011-1800,01-03-2011,04-03-2011,First Class,TP-11415,Tom Prescott,Consumer,Toronto,Ontario,Canada,,Canada,Canada,OFF-FEL-10001405,Office Supplies,Storage,"Fellowes File Cart, Industrial",551.16,4,0.0,71.64,164.36,High
45849,CA-2013-9950,20-08-2013,22-08-2013,First Class,TC-11295,Toby Carlisle,Consumer,Montréal,Quebec,Canada,,Canada,Canada,TEC-SAM-10000779,Technology,Phones,"Samsung Signal Booster, Cordless",557.76,4,0.0,228.6,149.13,High
42900,CA-2013-170,02-09-2013,04-09-2013,First Class,CC-2220,Chris Cortes,Consumer,Toronto,Ontario,Canada,,Canada,Canada,FUR-BEV-10004919,Furniture,Tables,"Bevis Wood Table, with Bottom Storage",533.61,1,0.0,170.73,133.38,Critical
50103,CA-2014-7680,13-01-2014,15-01-2014,Second Class,BT-1530,Bradley Talbott,Home Office,North York,Ontario,Canada,,Canada,Canada,FUR-IKE-10001301,Furniture,Bookcases,"Ikea Stackable Bookrack, Pine",35600.11867347655,6,0.0,371.7,120.86,High
46561,CA-2012-9650,07-06-2012,11-06-2012,Standard Class,AA-480,Andrew Allen,Consumer,Toronto,Ontario,Canada,,Canada,Canada,OFF-HAM-10004917,Office Supplies,Appliances,"Hamilton Beach Stove, Red",1084.68,2,0.0,488.1,109.66,Medium
41402,CA-2013-9860,28-06-2013,30-06-2013,First Class,NF-8385,Natalie Fritzler,Consumer,Montréal,Quebec,Canada,,Canada,Canada,TEC-KON-10002194,Technology,Machines,"Konica Printer, White",266.25,1,0.0,79.86,98.72,Critical
43876,CA-2014-6280,20-10-2014,22-10-2014,First Class,JD-5895,Jonathan Doherty,Corporate,Mississauga,Ontario,Canada,,Canada,Canada,TEC-STA-10004181,Technology,Machines,"StarTech Inkjet, Durable",300.18,1,0.0,33.0,95.49,Critical
50299,CA-2014-5120,18-02-2014,23-02-2014,Second Class,JK-5625,Jim Karlsson,Consumer,London,Ontario,Canada,,Canada,Canada,TEC-SAN-10000235,Technology,Accessories,"SanDisk Router, USB",1539.36,6,0.0,646.38,93.09,Medium
47776,CA-2011-9430,09-11-2011,11-11-2011,Second Class,PB-8805,Patrick Bzostek,Home Office,Vaughan,Ontario,Canada,,Canada,Canada,TEC-STA-10004536,Technology,Machines,"StarTech Inkjet, Wireless",603.54,2,0.0,18.06,92.65,High
45163,CA-2012-2420,02-06-2012,06-06-2012,Standard Class,JL-5130,Jack Lebron,Consumer,Oshawa,Ontario,Canada,,Canada,Canada,OFF-TEN-10004194,Office Supplies,Storage,"Tenex File Cart, Single Width",14918.832341185069,4,0.0,252.96,88.05,High
50931,CA-2011-5260,01-11-2011,05-11-2011,Second Class,LC-7140,Logan Currie,Consumer,Surrey,British Columbia,Canada,,Canada,Canada,TEC-CAN-10003392,Technology,Copiers,"Canon Copy Machine, Color",527.16,2,0.0,131.76,82.29,Medium
42662,CA-2011-450,21-07-2011,26-07-2011,Standard Class,EB-3840,Ellis Ballard,Corporate,Vancouver,British Columbia,Canada,,Canada,Canada,OFF-HAM-10003663,Office Supplies,Appliances,"Hamilton Beach Stove, Black",1083.54,2,0.0,400.86,76.32,Medium
43878,CA-2014-6280,20-10-2014,22-10-2014,First Class,JD-5895,Jonathan Doherty,Corporate,Mississauga,Ontario,Canada,,Canada,Canada,FUR-BUS-10002639,Furniture,Bookcases,"Bush Corner Shelving, Mobile",253.02,2,0.0,106.26,76.25,Critical
42147,CA-2014-4170,27-11-2014,02-12-2014,Standard Class,DC-2850,Dan Campbell,Consumer,Oshawa,Ontario,Canada,,Canada,Canada,FUR-SAF-10002846,Furniture,Bookcases,"Safco Classic Bookcase, Pine",1758.0,4,0.0,70.32,75.28,Medium
47400,CA-2012-490,20-11-2012,26-11-2012,Standard Class,JL-5235,Janet Lee,Consumer,Laval,Quebec,Canada,,Canada,Canada,TEC-CIS-10001717,Technology,Phones,"Cisco Smart Phone, with Caller ID",654.24,1,0.0,287.85,73.01,Medium
43881,CA-2014-6280,20-10-2014,22-10-2014,First Class,JD-5895,Jonathan Doherty,Corporate,Mississauga,Ontario,Canada,,Canada,Canada,OFF-CUI-10000105,Office Supplies,Appliances,"Cuisinart Microwave, Black",277.89,1,0.0,13.89,72.6,Critical
47014,CA-2013-8360,01-11-2013,03-11-2013,First Class,ES-4020,Erica Smith,Consumer,London,Ontario,Canada,,Canada,Canada,FUR-IKE-10004160,Furniture,Bookcases,"Ikea Stackable Bookrack, Traditional",-72.97702188922483,6,0.0,271.98,72.34,High
43224,CA-2014-7480,26-06-2014,30-06-2014,Standard Class,JP-5460,Jennifer Patt,Corporate,Richmond,British Columbia,Canada,,Canada,Canada,OFF-ROG-10003898,Office Supplies,Storage,"Rogers Lockers, Single Width",0.0,2,0.0,186.24,71.12,High
44230,CA-2011-1800,01-03-2011,04-03-2011,First Class,TP-11415,Tom Prescott,Consumer,Toronto,Ontario,Canada,,Canada,Canada,FUR-HAR-10001792,Furniture,Chairs,"Harbour Creations Bag Chairs, Red",246.48,4,0.0,105.96,65.81,High
50480,CA-2013-3990,17-08-2013,17-08-2013,Same Day,DL-2865,Dan Lawera,Consumer,Vancouver,British Columbia,Canada,,Canada,Canada,OFF-ELD-10000151,Office Supplies,Storage,"Eldon File Cart, Industrial",255.78,2,0.0,30.66,65.79,High
46236,CA-2014-1450,11-02-2014,14-02-2014,First Class,DM-3525,Don Miller,Corporate,Winnipeg,Manitoba,Canada,,Canada,Canada,OFF-ROG-10002132,Office Supplies,Storage,"Rogers Lockers, Industrial",212.1,1,0.0,80.58,65.35,Critical
43838,CA-2013-5470,not_a_date,20-10-2013,Second Class,NG-8430,Nathan Gelder,Consumer,Burnaby,British Columbia,Canada,,Canada,Canada,OFF-HOO-10001783,Office Supplies,Appliances,"Hoover Microwave, Red",-38.32919908942325,2,0.0,123.42,65.33,High
49075,CA-2013-1140,not_a_date,05-01-2013,Second Class,TC-11475,Tony Chapman,Home Office,Ottawa,Ontario,Canada,,Canada,Canada,TEC-HEW-10002501,Technology,Copiers,"Hewlett Fax Machine, Laser",319.92,1,0.0,15.99,62.0,High
50300,CA-2014-5120,18-02-2014,23-02-2014,Second Class,JK-5625,Jim Karlsson,Consumer,London,Ontario,Canada,,Canada,Canada,TEC-SAN-10003238,Technology,Accessories,"SanDisk Router, Erganomic",508.32,2,0.0,203.28,61.55,Medium
44333,CA-2013-4740,20-08-2013,23-08-2013,Second Class,DB-2910,Daniel Byrd,Home Office,Kingston,Ontario,Canada,,Canada,Canada,TEC-BRO-10002345,Technology,Copiers,"Brother Ink, Digital",587.76,4,0.0,146.88,61.0,High
46609,CA-2014-9080,25-08-2014,31-08-2014,Standard Class,DO-3645,Doug O'Connell,Consumer,Calgary,Alberta,Canada,,Canada,Canada,OFF-FEL-10004665,Office Supplies,Storage,"Fellowes Lockers, Blue",829.32,4,0.0,215.52,60.81,Medium
49953,CA-2012-9170,16-04-2012,19-04-2012,First Class,CA-2055,Cathy Armstrong,Home Office,Whitby,Ontario,Canada,,Canada,Canada,OFF-CUI-10000140,Office Supplies,Appliances,"Cuisinart Microwave, Silver",558.42,2,0.0,0.0,60.8,Medium
47228,CA-2013-9990,not_a_date,21-01-2013,Same Day,AB-165,Alan Barnes,Consumer,Hamilton,Ontario,Canada,,Canada,Canada,OFF-BIN-10000712,Office Supplies,Art,"Binney & Smith Canvas, Blue",410.88,0,0.0,78.0,59.79,High
48286,CA-2014-7620,04-08-2014,04-08-2014,Same Day,RB-9705,Roger Barcio,Home Office,Montréal,Quebec,Canada,,Canada,Canada,OFF-STA-10000155,Office Supplies,Art,"Stanley Pencil Sharpener, Water Color",111.84,4,0.0,4.44,53.9,Critical
50641,CA-2012-5670,29-06-2012,03-07-2012,Second Class,BF-1080,Bart Folk,Consumer,Edmonton,Alberta,Canada,,Canada,Canada,OFF-HOO-10000445,Office Supplies,Appliances,"Hoover Refrigerator, Black",525.69,1,0.0,162.96,53.73,High
48812,CA-2013-7950,18-12-2013,20-12-2013,Second Class,GH-4485,Gene Hale,Corporate,Regina,Saskatchewan,Canada,,Canada,Canada,OFF-HOO-10004243,Office Supplies,Appliances,"Hoover Microwave, Black",308.07,1,0.0,30.78,53.55,High
49032,CA-2011-5840,03-05-2011,09-05-2011,Standard Class,CC-2475,Cindy Chapman,Consumer,London,Ontario,Canada,,Canada,Canada,TEC-STA-10004181,Technology,Machines,"StarTech Inkjet, Durable",-11.153821343425818,2,0.0,66.0,52.98,Medium
42262,CA-2014-1400,13-08-2014,18-08-2014,Second Class,JK-6120,Julie Kriz,Home Office,Montréal,Quebec,Canada,,Canada,Canada,TEC-CIS-10001661,Technology,Phones,"Cisco Signal Booster, VoIP",607.68,4,0.0,36.36,48.87,Medium
48471,CA-2013-9550,22-02-2013,22-02-2013,Same Day,NW-8400,Natalie Webber,Consumer,North York,Ontario,Canada,,Canada,Canada,FUR-DAN-10003334,Furniture,Bookcases,"Dania 3-Shelf Cabinet, Traditional",282.9,-5,0.0,135.78,47.62,High
49537,CA-2011-4710,not_a_date,20-02-2011,First Class,SN-10560,Skye Norling,Home Office,Toronto,Ontario,Canada,,Canada,Canada,OFF-CUI-10001965,Office Supplies,Appliances,"Cuisinart Microwave, White",0.0,1,0.0,30.42,46.69,High
50856,CA-2014-4510,24-01-2014,28-01-2014,Standard Class,AO-810,Anthony O'Donnell,Corporate,North York,Ontario,Canada,,Canada,Canada,TEC-CIS-10002598,Technology,Phones,"Cisco Audio Dock, with Caller ID",364.14,2,0.0,80.1,44.6,Medium
41391,CA-2012-220,15-05-2012,19-05-2012,Standard Class,DM-3525,Don Miller,Corporate,Winnipeg,Manitoba,Canada,,Canada,Canada,OFF-ROG-10002132,Office Supplies,Storage,"Rogers Lockers, Industrial",848.4,4,0.0,322.32,44.43,Medium
44021,CA-2013-1620,23-10-2013,29-10-2013,Standard Class,DN-3690,Duane Noonan,Consumer,Richmond Hill,Ontario,Canada,,Canada,Canada,OFF-KIT-10003611,Office Supplies,Appliances,"KitchenAid Stove, Red",570.15,1,0.0,159.63,44.1,Medium
50572,CA-2012-9610,05-06-2012,09-06-2012,Standard Class,NH-8610,Nicole Hansen,Corporate,North York,Ontario,Canada,,Canada,Canada,OFF-ROG-10003898,Office Supplies,Storage,"Rogers Lockers, Single Width",846.6,4,0.0,372.48,43.94,Medium
47969,CA-2012-8480,20-08-2012,24-08-2012,Second Class,SV-10365,Seth Vernon,Consumer,Vancouver,British Columbia,Canada,,Canada,Canada,FUR-HON-10003533,Furniture,Chairs,"Hon Executive Leather Armchair, Adjustable",459.63,1,0.0,124.08,41.51,Medium
42784,CA-2011-6880,27-06-2011,29-06-2011,First Class,NB-8580,Nicole Brennan,Corporate,Montréal,Quebec,Canada,,Canada,Canada,OFF-BIC-10001739,Office Supplies,Art,"BIC Sketch Pad, Fluorescent",99.84,2,0.0,32.94,39.56,Critical
46662,CA-2012-7460,not_a_date,01-12-2012,First Class,JM-5865,John Murray,Consumer,Ottawa,Ontario,Canada,,Canada,Canada,TEC-MOT-10003366,Technology,Phones,"Motorola Audio Dock, Full Size",349.32,2,0.0,104.76,39.16,Medium
42450,CA-2014-20,02-09-2014,06-09-2014,Standard Class,JM-5265,Janet Molinari,Corporate,Vancouver,British Columbia,Canada,,Canada,Canada,OFF-ROG-10002132,Office Supplies,Storage,"Rogers Lockers, Industrial",424.2,2,0.0,161.16,38.69,High
48287,CA-2014-7620,04-08-2014,04-08-2014,Same Day,RB-9705,Roger Barcio,Home Office,Montréal,Quebec,Canada,,Canada,Canada,FUR-SAU-10002540,Furniture,Bookcases,"Sauder Stackable Bookrack, Traditional",146.28,1,0.0,21.93,37.2,Critical
41972,CA-2012-4750,20-08-2012,26-08-2012,Standard Class,NP-8325,Naresj Patel,Consumer,Laval,Quebec,Canada,,Canada,Canada,TEC-CAN-10004214,Technology,Copiers,"Canon Fax and Copier, Color",385.56,2,0.0,92.52,35.09,Medium
48412,CA-2013-7630,12-08-2013,17-08-2013,Standard Class,DB-2910,Daniel Byrd,Home Office,Whitby,Ontario,Canada,,Canada,Canada,TEC-BEL-10002207,Technology,Accessories,"Belkin Memory Card, USB",17200.41749890894,4,0.0,0.0,35.03,Medium
42661,CA-2011-450,21-07-2011,26-07-2011,Standard Class,EB-3840,Ellis Ballard,Corporate,Vancouver,British Columbia,Canada,,Canada,Canada,TEC-CAN-10001981,Technology,Copiers,"Canon Ink, High-Speed",290.7,2,0.0,93.0,34.56,Medium
49669,CA-2011-460,13-12-2011,15-12-2011,Second Class,MH-7440,Mark Haberlin,Corporate,Kingston,Ontario,Canada,,Canada,Canada,TEC-ENE-10000817,Technology,Accessories,"Enermax Mouse, USB",162.0,4,0.0,19.44,34.55,High
43323,CA-2012-5460,01-05-2012,03-05-2012,First Class,BP-1155,Becky Pak,Consumer,Edmonton,Alberta,Canada,,Canada,Canada,OFF-KRA-10001807,Office Supplies,Envelopes,"Kraft Manila Envelope, Security-Tint",115.56,4,0.0,9.24,33.91,Critical
46367,CA-2014-6550,23-12-2014,25-12-2014,Second Class,SV-10815,Stuart Van,Corporate,Montréal,Quebec,Canada,,Canada,Canada,OFF-STI-10000114,Office Supplies,Supplies,"Stiletto Letter Opener, High Speed",111.12,4,0.0,18.84,33.17,Critical
50429,CA-2013-3530,not_a_date,14-11-2013,Standard Class,CP-2085,Cathy Prescott,Corporate,Saanich,British Columbia,Canada,,Canada,Canada,TEC-PAN-10002365,Technology,Machines,"Panasonic Printer, White",529.8,0,0.0,116.52,32.92,Medium
41960,CA-2011-9510,29-03-2011,31-03-2011,First Class,RD-9660,Robert Dilbeck,Home Office,Laval,Quebec,Canada,,Canada,Canada,FUR-SAF-10001136,Furniture,Chairs,"SAFCO Swivel Stool, Adjustable",-14.847445174625548,1,0.0,81.78,32.46,Critical
49074,CA-2013-1140,03-01-2013,05-01-2013,Second Class,TC-11475,Tony Chapman,Home Office,Ottawa,Ontario,Canada,,Canada,Canada,TEC-OKI-10001385,Technology,Machines,"Okidata Inkjet, White",0.0,1,0.0,40.44,31.3,High
45128,CA-2013-6170,10-01-2013,12-01-2013,First Class,GT-4755,Guy Thornton,Consumer,Montréal,Quebec,Canada,,Canada,Canada,TEC-LOG-10003651,Technology,Accessories,"Logitech Router, Programmable",248.82,1,0.0,89.55,31.11,Medium
50099,CA-2014-900,not_a_date,20-09-2014,Standard Class,RM-9675,Robert Marley,Home Office,Montréal,Quebec,Canada,,Canada,Canada,OFF-CAR-10004661,Office Supplies,Binders,"Cardinal Binding Machine, Recycled",200.52,4,0.0,42.0,30.88,High
41586,CA-2014-3580,11-02-2014,16-02-2014,Standard Class,ME-7725,Max Engle,Consumer,Markham,Ontario,Canada,,Canada,Canada,OFF-TEN-10000025,Office Supplies,Storage,"Tenex Lockers, Blue",204.15,1,0.0,53.07,29.85,High
50428,CA-2013-3530,09-11-2013,14-11-2013,Standard Class,CP-2085,Cathy Prescott,Corporate,Saanich,British Columbia,Canada,,Canada,Canada,FUR-BEV-10000388,Furniture,Tables,"Bevis Coffee Table, Rectangular",315.75,1,0.0,129.45,28.79,Medium
49954,CA-2012-9170,16-04-2012,19-04-2012,First Class,CA-2055,Cathy Armstrong,Home Office,Whitby,Ontario,Canada,,Canada,Canada,TEC-CIS-10002153,Technology,Phones,"Cisco Audio Dock, Cordless",369.84,2,0.0,48.06,28.34,Medium
41956,CA-2014-3540,01-12-2014,05-12-2014,Standard Class,TG-11640,Trudy Glocke,Consumer,London,Ontario,Canada,,Canada,Canada,OFF-BRE-10000391,Office Supplies,Appliances,"Breville Toaster, Black",-52.80899399529353,6,0.0,132.48,28.18,Medium
50930,CA-2011-5260,01-11-2011,05-11-2011,Second Class,LC-7140,Logan Currie,Consumer,Surrey,British Columbia,Canada,,Canada,Canada,TEC-OKI-10001062,Technology,Machines,"Okidata Printer, White",266.91,1,0.0,2.64,26.26,Medium
47683,CA-2013-2790,01-05-2013,04-05-2013,First Class,LS-6945,Linda Southworth,Corporate,Calgary,Alberta,Canada,,Canada,Canada,TEC-BEL-10003177,Technology,Accessories,"Belkin Keyboard, Erganomic",81.69,1,0.0,4.89,25.73,Critical
49076,CA-2013-1140,03-01-2013,05-01-2013,Second Class,TC-11475,Tony Chapman,Home Office,Ottawa,Ontario,Canada,,Canada,Canada,OFF-GRE-10001059,Office Supplies,Paper,"Green Bar Note Cards, 8.5 x 11",178.2,6,0.0,74.7,24.71,High
49550,CA-2011-1510,02-01-2011,06-01-2011,Standard Class,MM-7260,Magdelene Morse,Consumer,St. Catharines,Ontario,Canada,,Canada,Canada,TEC-OKI-10002750,Technology,Machines,"Okidata Inkjet, Wireless",314.22,1,0.0,3.12,24.1,Medium
50627,CA-2014-4930,18-11-2014,22-11-2014,Standard Class,AB-255,Alejandro Ballentine,Home Office,Whitby,Ontario,Canada,,Canada,Canada,OFF-FEL-10001865,Office Supplies,Storage,"Fellowes File Cart, Wire Frame",272.76,2,0.0,57.24,23.65,Medium
41623,CA-2013-6030,28-01-2013,01-02-2013,Second Class,JS-6030,Joy Smith,Consumer,Kitchener,Ontario,Canada,,Canada,Canada,FUR-HAR-10000100,Furniture,Chairs,"Harbour Creations Swivel Stool, Adjustable",12067.873489661079,2,0.0,102.24,23.48,Medium
48859,CA-2013-5920,06-08-2013,12-08-2013,Standard Class,JM-5655,Jim Mitchum,Corporate,Saskatoon,Saskatchewan,Canada,,Canada,Canada,TEC-HEW-10003460,Technology,Copiers,"Hewlett Fax and Copier, Color",388.62,2,0.0,85.44,23.37,Medium
47444,CA-2012-8910,05-02-2012,05-02-2012,Same Day,NG-8355,Nat Gilpin,Corporate,Edmonton,Alberta,Canada,,Canada,Canada,OFF-SME-10000746,Office Supplies,Storage,"Smead Lockers, Industrial",198.9,1,0.0,55.68,23.32,High
44306,CA-2013-4660,16-12-2013,22-12-2013,Standard Class,MK-7905,Michael Kennedy,Corporate,Vancouver,British Columbia,Canada,,Canada,Canada,FUR-BUS-10004882,Furniture,Bookcases,"Bush Floating Shelf Set, Metal",170.73,1,0.0,15.36,21.25,Medium
42780,CA-2012-4560,24-12-2012,26-12-2012,First Class,PR-8880,Patrick Ryan,Consumer,Markham,Ontario,Canada,,Canada,Canada,FUR-SAU-10002642,Furniture,Bookcases,"Sauder 3-Shelf Cabinet, Traditional",166.68,1,0.0,34.98,20.71,High
42213,CA-2012-8520,23-11-2012,27-11-2012,Standard Class,DB-3120,David Bremer,Corporate,Hamilton,Ontario,Canada,,Canada,Canada,FUR-SAU-10003795,Furniture,Bookcases,"Sauder Corner Shelving, Traditional",294.6,2,0.0,20.58,19.95,Medium
41954,CA-2014-3540,01-12-2014,,Standard Class,TG-11640,Trudy Glocke,Consumer,London,Ontario,Canada,,Canada,Canada,TEC-OKI-10000616,Technology,Machines,"Okidata Card Printer, Durable",351.9,2,0.0,28.14,19.86,Medium
50276,CA-2012-8770,06-08-2012,08-08-2012,First Class,EM-4095,Eudokia Martin,Corporate,Halifax,Nova Scotia,Canada,,Canada,Canada,OFF-AVE-10003740,Office Supplies,Binders,"Avery Binding Machine, Clear",193.2,4,0.0,23.16,19.68,High
50816,CA-2013-2900,14-06-2013,18-06-2013,Standard Class,KM-6375,Katherine Murray,Home Office,Winnipeg,Manitoba,Canada,,Canada,Canada,OFF-AVE-10003549,Office Supplies,Binders,"Avery Binding Machine, Recycled",196.8,-3,0.0,84.6,19.24,Medium
43665,CA-2013-8840,30-07-2013,30-07-2013,Same Day,AG-270,Alejandro Grove,Consumer,Abbotsford,British Columbia,Canada,,Canada,Canada,OFF-FEL-10002399,Office Supplies,Storage,"Fellowes Box, Blue",196.8,10,0.0,31.2,18.7,Medium
50639,CA-2012-5670,29-06-2012,03-07-2012,Second Class,BF-1080,Bart Folk,Consumer,Edmonton,Alberta,Canada,,Canada,Canada,TEC-MEM-10002919,Technology,Accessories,"Memorex Flash Drive, USB",118.44,-2,0.0,10.56,18.62,High
44229,CA-2011-1800,01-03-2011,04-03-2011,First Class,TP-11415,Tom Prescott,Consumer,Toronto,Ontario,Canada,,Canada,Canada,TEC-APP-10004912,Technology,Phones,"Apple Speaker Phone, with Caller ID",493.2,4,0.0,123.24,18.19,High
44332,CA-2013-4740,20-08-2013,23-08-2013,Second Class,DB-2910,Daniel Byrd,Home Office,Kingston,Ontario,Canada,,Canada,Canada,OFF-EAT-10000820,Office Supplies,Paper,"Eaton Message Books, Multicolor",131.94,6,0.0,60.66,18.09,High
49200,CA-2014-850,22-10-2014,27-10-2014,Standard Class,SW-10755,Steven Ward,Corporate,Montréal,Quebec,Canada,,Canada,Canada,TEC-MOT-10003366,Technology,Phones,"Motorola Audio Dock, Full Size",698.64,4,0.0,209.52,17.91,Medium
41952,CA-2014-3540,01-12-2014,,Standard Class,TG-11640,Trudy Glocke,Consumer,London,Ontario,Canada,,Canada,Canada,FUR-HON-10001558,Furniture,Chairs,"Hon Swivel Stool, Black",34221.52630579531,2,0.0,90.24,17.78,Medium
47684,CA-2013-2790,01-05-2013,04-05-2013,First Class,LS-6945,Linda Southworth,Corporate,Calgary,Alberta,Canada,,Canada,Canada,OFF-STA-10000155,Office Supplies,Art,"Stanley Pencil Sharpener, Water Color",111.84,4,0.0,4.44,17.55,Critical
46208,CA-2011-3200,01-09-2011,04-09-2011,Second Class,JS-5595,Jill Stevenson,Corporate,Montréal,Quebec,Canada,,Canada,Canada,TEC-APP-10002321,Technology,Phones,"Apple Signal Booster, Full Size",137.94,1,0.0,6.87,17.43,Medium
43431,CA-2013-7340,10-06-2013,12-06-2013,Second Class,RR-9525,Rick Reed,Corporate,Markham,Ontario,Canada,,Canada,Canada,OFF-BIN-10001715,Office Supplies,Art,"Binney & Smith Canvas, Easy-Erase",103.26,-3,0.0,17.52,17.09,High
43430,CA-2013-7340,10-06-2013,12-06-2013,Second Class,RR-9525,Rick Reed,Corporate,Markham,Ontario,Canada,,Canada,Canada,OFF-ACM-10003715,Office Supplies,Supplies,"Acme Shears, Serrated",279.72,6,0.0,8.28,16.91,High
47402,CA-2012-490,20-11-2012,26-11-2012,Standard Class,JL-5235,Janet Lee,Consumer,Laval,Quebec,Canada,,Canada,Canada,TEC-PAN-10004360,Technology,Machines,"Panasonic Calculator, White",389.52,8,0.0,128.4,16.64,Medium
48813,CA-2013-7950,18-12-2013,20-12-2013,Second Class,GH-4485,Gene Hale,Corporate,Regina,Saskatchewan,Canada,,Canada,Canada,TEC-SAM-10003538,Technology,Phones,"Samsung Speaker Phone, Full Size",124.53,1,0.0,29.88,16.5,High
41401,CA-2013-9860,28-06-2013,30-06-2013,First Class,NF-8385,Natalie Fritzler,Consumer,Montréal,Quebec,Canada,,Canada,Canada,OFF-IBI-10000080,Office Supplies,Binders,"Ibico Binder, Recycled",31.68,2,0.0,2.52,16.41,Critical
44802,CA-2012-5710,03-09-2012,06-09-2012,Second Class,LH-7155,Logan Haushalter,Consumer,Mississauga,Ontario,Canada,,Canada,Canada,OFF-STA-10001636,Office Supplies,Art,"Stanley Markers, Water Color",152.28,6,0.0,50.22,16.41,Medium
44311,CA-2013-4830,13-11-2013,19-11-2013,Standard Class,PF-9120,Peter Fuller,Consumer,Calgary,Alberta,Canada,,Canada,Canada,TEC-MOT-10002372,Technology,Phones,"Motorola Speaker Phone, Full Size",25174.34359689695,2,0.0,28.8,16.17,Medium
48861,CA-2013-5920,06-08-2013,12-08-2013,Standard Class,JM-5655,Jim Mitchum,Corporate,Saskatoon,Saskatchewan,Canada,,Canada,Canada,TEC-SAN-10003238,Technology,Accessories,"SanDisk Router, Erganomic",254.16,1,0.0,101.64,16.01,Medium
41951,CA-2013-3830,not_a_date,30-03-2013,Same Day,SC-10770,Stewart Carmichael,Corporate,Montréal,Quebec,Canada,,Canada,Canada,OFF-TEN-10001129,Office Supplies,Storage,"Tenex Shelving, Blue",54.66,1,0.0,2.73,15.98,Critical
50932,CA-2011-5260,01-11-2011,05-11-2011,Second Class,LC-7140,Logan Currie,Consumer,Surrey,British Columbia,Canada,,Canada,Canada,OFF-SME-10003752,Office Supplies,Storage,"Smead File Cart, Single Width",128.43,1,0.0,1.26,15.87,Medium
47629,CA-2012-1220,06-09-2012,10-09-2012,Standard Class,GH-4425,Gary Hwang,Consumer,Calgary,Alberta,Canada,,Canada,Canada,OFF-SME-10004370,Office Supplies,Storage,"Smead File Cart, Blue",38215.42376448814,-3,0.0,1.26,15.77,High
45077,CA-2014-870,20-04-2014,25-04-2014,Second Class,CD-1980,Carol Darley,Consumer,Oakville,Ontario,Canada,,Canada,Canada,FUR-HAR-10002223,Furniture,Chairs,"Harbour Creations Chairmat, Set of Two",148.5,2,0.0,19.26,15.76,Medium
48445,CA-2013-5310,06-08-2013,09-08-2013,First Class,JF-5295,Jason Fortune-,Consumer,Winnipeg,Manitoba,Canada,,Canada,Canada,OFF-BRE-10001343,Office Supplies,Appliances,"Breville Blender, Silver",90.24,1,0.0,15.33,15.76,High
50955,CA-2012-2910,04-06-2012,08-06-2012,Standard Class,PO-8865,Patrick O'Donnell,Consumer,Edmonton,Alberta,Canada,,Canada,Canada,OFF-BIN-10004729,Office Supplies,Art,"Binney & Smith Sketch Pad, Water Color",198.0,4,0.0,65.28,15.51,Medium
47114,CA-2013-4030,21-08-2013,28-08-2013,Standard Class,RA-9285,Ralph Arnett,Consumer,Longueuil,Quebec,Canada,,Canada,Canada,TEC-CIS-10003676,Technology,Phones,"Cisco Headset, with Caller ID",176.88,2,0.0,70.74,15.45,Medium
47455,CA-2014-2080,not_a_date,28-09-2014,Standard Class,HG-4965,Henry Goldwyn,Corporate,London,Ontario,Canada,,Canada,Canada,OFF-ACM-10004587,Office Supplies,Supplies,"Acme Scissors, Steel",198.72,8,0.0,93.36,15.42,Medium
44154,CA-2014-6350,23-09-2014,26-09-2014,First Class,YC-11895,Yoseph Carroll,Corporate,Edmonton,Alberta,Canada,,Canada,Canada,FUR-HON-10002599,Furniture,Chairs,"Hon Chairmat, Adjustable",58.02,1,0.0,13.92,15.29,High
48838,CA-2014-8990,08-08-2014,13-08-2014,Standard Class,SC-10260,Scott Cohen,Corporate,Toronto,Ontario,Canada,,Canada,Canada,TEC-BEL-10002476,Technology,Accessories,"Belkin Router, Bluetooth",31340.477011987823,1,0.0,10.35,15.03,Medium
47339,CA-2012-1690,10-02-2012,17-02-2012,Standard Class,RA-9885,Ruben Ausman,Corporate,Toronto,Ontario,Canada,,Canada,Canada,OFF-ACC-10001281,Office Supplies,Fasteners,"Accos Clamps, Bulk Pack",0.0,6,0.0,54.54,14.96,Low
41612,CA-2013-8200,28-05-2013,04-06-2013,Standard Class,DJ-3510,Don Jones,Corporate,Windsor,Ontario,Canada,,Canada,Canada,OFF-SAN-10001237,Office Supplies,Paper,"SanDisk Cards & Envelopes, Premium",41271.613193801175,4,0.0,73.56,14.85,Medium
48839,CA-2014-8990,08-08-2014,13-08-2014,Standard Class,SC-10260,Scott Cohen,Corporate,Toronto,Ontario,Canada,,Canada,Canada,OFF-SAN-10003660,Office Supplies,Paper,"SanDisk Computer Printout Paper, Multicolor",374.4,12,0.0,48.6,14.59,Medium
41403,CA-2013-9860,28-06-2013,30-06-2013,First Class,NF-8385,Natalie Fritzler,Consumer,Montréal,Quebec,Canada,,Canada,Canada,OFF-CAM-10004338,Office Supplies,Envelopes,"Cameo Interoffice Envelope, Set of 50",47.43,1,0.0,17.07,14.58,Critical
46422,CA-2011-4370,23-09-2011,30-09-2011,Standard Class,DW-3540,Don Weiss,Consumer,Toronto,Ontario,Canada,,Canada,Canada,OFF-TEN-10002835,Office Supplies,Storage,"Tenex Lockers, Industrial",-67.42391482838278,-4,0.0,114.54,14.45,Medium
41957,CA-2014-3540,01-12-2014,05-12-2014,Standard Class,TG-11640,Trudy Glocke,Consumer,London,Ontario,Canada,,Canada,Canada,TEC-CIS-10003017,Technology,Phones,"Cisco Signal Booster, with Caller ID",303.66,0,0.0,75.9,14.33,Medium
47446,CA-2012-8910,not_a_date,05-02-2012,Same Day,NG-8355,Nat Gilpin,Corporate,Edmonton,Alberta,Canada,,Canada,Canada,OFF-BIN-10004563,Office Supplies,Art,"Binney & Smith Pencil Sharpener, Easy-Erase",55.86,2,0.0,6.12,14.33,High
47795,CA-2011-1690,11-08-2011,11-08-2011,Same Day,EM-4065,Erin Mull,Consumer,Surrey,British Columbia,Canada,,Canada,Canada,OFF-WIL-10002153,Office Supplies,Binders,"Wilson Jones 3-Hole Punch, Clear",109.8,4,0.0,30.72,14.3,Medium
41973,CA-2012-4750,20-08-2012,26-08-2012,Standard Class,NP-8325,Naresj Patel,Consumer,Laval,Quebec,Canada,,Canada,Canada,OFF-BIN-10003327,Office Supplies,Art,"Binney & Smith Markers, Blue",144.54,6,0.0,27.36,13.99,Medium
46237,CA-2014-1450,11-02-2014,,First Class,DM-3525,Don Miller,Corporate,Winnipeg,Manitoba,Canada,,Canada,Canada,OFF-BIN-10000712,Office Supplies,Art,"Binney & Smith Canvas, Blue",102.72,0,0.0,19.5,13.97,Critical
43734,CA-2014-240,18-03-2014,22-03-2014,Standard Class,TB-11280,Toby Braunhardt,Consumer,Calgary,Alberta,Canada,,Canada,Canada,OFF-ELD-10001477,Office Supplies,Storage,"Eldon Lockers, Single Width",197.94,1,0.0,96.99,13.87,Medium
50104,CA-2014-7680,13-01-2014,15-01-2014,Second Class,BT-1530,Bradley Talbott,Home Office,North York,Ontario,Canada,,Canada,Canada,OFF-IBI-10003191,Office Supplies,Binders,"Ibico 3-Hole Punch, Durable",63.9,2,0.0,23.64,13.78,High
46353,CA-2011-4880,23-11-2011,26-11-2011,First Class,EB-3750,Edward Becker,Corporate,Oshawa,Ontario,Canada,,Canada,Canada,TEC-ENE-10002686,Technology,Accessories,"Enermax Numeric Keypad, Erganomic",58.83,1,0.0,6.45,13.61,High
48017,CA-2014-2000,07-01-2014,11-01-2014,Standard Class,DB-3120,David Bremer,Corporate,Montréal,Quebec,Canada,,Canada,Canada,FUR-IKE-10003262,Furniture,Bookcases,"Ikea Floating Shelf Set, Traditional",170.34,0,0.0,10.2,13.44,Medium
45992,CA-2012-2740,02-10-2012,07-10-2012,Standard Class,NF-8475,Neil Französisch,Home Office,Calgary,Alberta,Canada,,Canada,Canada,OFF-FEL-10001541,Office Supplies,Storage,"Fellowes Lockers, Wire Frame",206.4,1,0.0,92.88,13.09,Medium
41400,CA-2013-9860,28-06-2013,30-06-2013,First Class,NF-8385,Natalie Fritzler,Consumer,Montréal,Quebec,Canada,,Canada,Canada,OFF-ENE-10002922,Office Supplies,Paper,"Enermax Note Cards, Premium",57.0,2,0.0,5.7,13.02,Critical
49767,CA-2012-4710,30-05-2012,02-06-2012,Second Class,EM-3960,Eric Murdock,Consumer,Quebec,Quebec,Canada,,Canada,Canada,TEC-MEM-10002883,Technology,Accessories,"Memorex Memory Card, Erganomic",100.08,1,0.0,18.0,13.0,High
43667,CA-2013-8840,30-07-2013,30-07-2013,Same Day,AG-270,Alejandro Grove,Consumer,Abbotsford,British Columbia,Canada,,Canada,Canada,OFF-ACC-10004538,Office Supplies,Binders,"Acco Binder Covers, Recycled",54.72,4,0.0,16.32,12.43,Medium
46542,CA-2014-3210,22-02-2014,27-02-2014,Standard Class,LS-6975,Lindsay Shagiari,Home Office,Mississauga,Ontario,Canada,,Canada,Canada,OFF-SAN-10003644,Office Supplies,Art,"Sanford Markers, Blue",139.5,6,0.0,26.46,12.0,Medium
46940,CA-2013-3830,21-11-2013,26-11-2013,Standard Class,TS-11340,Toby Swindell,Consumer,Brampton,Ontario,Canada,,Canada,Canada,OFF-GRE-10002561,Office Supplies,Paper,"Green Bar Message Books, Premium",-61.2741931580424,6,0.0,14.22,12.0,Medium
43459,CA-2012-200,26-11-2012,30-11-2012,Standard Class,AF-870,Art Ferguson,Consumer,Peterborough,Ontario,Canada,,Canada,Canada,OFF-BIC-10004826,Office Supplies,Art,"BIC Canvas, Easy-Erase",107.94,2,0.0,36.66,11.91,High
46540,CA-2014-3210,22-02-2014,27-02-2014,Standard Class,LS-6975,Lindsay Shagiari,Home Office,Mississauga,Ontario,Canada,,Canada,Canada,OFF-BIC-10002942,Office Supplies,Art,"BIC Highlighters, Easy-Erase",153.6,8,0.0,35.28,11.49,Medium
48860,CA-2013-5920,06-08-2013,12-08-2013,Standard Class,JM-5655,Jim Mitchum,Corporate,Saskatoon,Saskatchewan,Canada,,Canada,Canada,TEC-BRO-10003380,Technology,Copiers,"Brother Copy Machine, Color",520.98,2,0.0,62.46,11.22,Medium
43877,CA-2014-6280,20-10-2014,22-10-2014,First Class,JD-5895,Jonathan Doherty,Corporate,Mississauga,Ontario,Canada,,Canada,Canada,OFF-BOS-10000363,Office Supplies,Art,"Boston Pencil Sharpener, Water Color",116.88,4,0.0,15.12,11.19,Critical
47970,CA-2012-8480,20-08-2012,24-08-2012,Second Class,SV-10365,Seth Vernon,Consumer,Vancouver,British Columbia,Canada,,Canada,Canada,OFF-SAN-10002839,Office Supplies,Art,"Sanford Canvas, Fluorescent",103.56,2,0.0,38.28,11.19,Medium
48672,CA-2014-7280,18-06-2014,20-06-2014,First Class,TH-11115,Thea Hudgings,Corporate,Saint-Laurent,Quebec,Canada,,Canada,Canada,FUR-DEF-10000384,Furniture,Furnishings,"Deflect-O Door Stop, Black",43.95,1,0.0,1.74,11.18,Critical
41716,CA-2014-9640,07-04-2014,12-04-2014,Standard Class,AH-75,Adam Hart,Corporate,Oakville,Ontario,Canada,,Canada,Canada,OFF-FEL-10001261,Office Supplies,Storage,"Fellowes File Cart, Blue",137.31,1,0.0,54.9,11.13,High
42976,CA-2012-2760,07-10-2012,09-10-2012,Second Class,AZ-750,Annie Zypern,Consumer,Ottawa,Ontario,Canada,,Canada,Canada,OFF-ELD-10000124,Office Supplies,Storage,"Eldon Trays, Single Width",96.0,2,0.0,31.68,11.09,High
46543,CA-2014-3210,not_a_date,27-02-2014,Standard Class,LS-6975,Lindsay Shagiari,Home Office,Mississauga,Ontario,Canada,,Canada,Canada,TEC-LOG-10001629,Technology,Accessories,"Logitech Mouse, Programmable",123.12,4,0.0,33.24,11.0,Medium
45412,CA-2011-320,30-10-2011,04-11-2011,Standard Class,JK-6090,Juliana Krohn,Consumer,Kingston,Ontario,Canada,,Canada,Canada,OFF-FEL-10002897,Office Supplies,Storage,"Fellowes Shelving, Single Width",0.0,-5,0.0,30.06,10.92,High
44378,CA-2014-7300,22-09-2014,26-09-2014,Standard Class,DP-3390,Dennis Pardue,Home Office,Toronto,Ontario,Canada,,Canada,Canada,OFF-BRE-10004211,Office Supplies,Appliances,"Breville Blender, White",90.99,1,0.0,19.08,10.72,High
50302,CA-2014-5120,18-02-2014,23-02-2014,Second Class,JK-5625,Jim Karlsson,Consumer,London,Ontario,Canada,,Canada,Canada,FUR-SAF-10003745,Furniture,Chairs,"SAFCO Rocking Chair, Set of Two",137.16,1,0.0,0.0,10.64,Medium
45993,CA-2012-2740,02-10-2012,07-10-2012,Standard Class,NF-8475,Neil Französisch,Home Office,Calgary,Alberta,Canada,,Canada,Canada,TEC-CAN-10004697,Technology,Copiers,"Canon Fax and Copier, Digital",190.98,1,0.0,21.0,10.5,Medium
42148,CA-2014-4170,27-11-2014,02-12-2014,Standard Class,DC-2850,Dan Campbell,Consumer,Oshawa,Ontario,Canada,,Canada,Canada,TEC-BEL-10002516,Technology,Accessories,"Belkin Mouse, Bluetooth",162.84,4,0.0,78.12,10.45,Medium
45875,CA-2014-4720,18-06-2014,23-06-2014,Standard Class,NC-8340,Nat Carroll,Consumer,Guelph,Ontario,Canada,,Canada,Canada,FUR-ELD-10000857,Furniture,Furnishings,"Eldon Door Stop, Erganomic",97.56,2,0.0,12.66,10.28,High
43824,CA-2012-9840,01-11-2012,05-11-2012,Standard Class,RR-9525,Rick Reed,Corporate,North York,Ontario,Canada,,Canada,Canada,FUR-DEF-10001359,Furniture,Furnishings,"Deflect-O Frame, Erganomic",108.66,1,0.0,2.16,10.17,High
46357,CA-2011-6580,09-07-2011,15-07-2011,Standard Class,TG-11310,Toby Gnade,Consumer,Red Deer,Alberta,Canada,,Canada,Canada,OFF-IBI-10003191,Office Supplies,Binders,"Ibico 3-Hole Punch, Durable",127.8,4,0.0,47.28,10.08,Medium
43322,CA-2012-5460,01-05-2012,03-05-2012,First Class,BP-1155,Becky Pak,Consumer,Edmonton,Alberta,Canada,,Canada,Canada,FUR-DEF-10000639,Furniture,Furnishings,"Deflect-O Photo Frame, Black",51.9,-3,0.0,11.4,9.99,Critical
50876,CA-2012-2020,25-06-2012,29-06-2012,Standard Class,AC-450,Amy Cox,Consumer,Regina,Saskatchewan,Canada,,Canada,Canada,OFF-WIL-10002772,Office Supplies,Binders,"Wilson Jones 3-Hole Punch, Durable",44568.64710696675,4,0.0,24.72,9.86,High
44542,CA-2011-7860,02-11-2011,07-11-2011,Standard Class,NC-8625,Noah Childs,Corporate,St. John's,Newfoundland,Canada,,Canada,Canada,OFF-IBI-10003541,Office Supplies,Binders,"Ibico Binding Machine, Economy",102.84,2,0.0,9.24,9.85,High
50059,CA-2013-7710,25-01-2013,29-01-2013,Standard Class,DL-3330,Denise Leinenbach,Consumer,Brampton,Ontario,Canada,,Canada,Canada,OFF-ACM-10001704,Office Supplies,Supplies,"Acme Letter Opener, Serrated",49467.719214286466,4,0.0,7.44,9.85,High
44526,CA-2014-580,26-06-2014,,Second Class,Dp-3240,Dean percer,Home Office,Kingston,Ontario,Canada,,Canada,Canada,OFF-WIL-10000164,Office Supplies,Binders,"Wilson Jones Binding Machine, Durable",0.0,1,0.0,0.99,9.65,Critical
43845,CA-2014-9470,23-06-2014,25-06-2014,Second Class,SH-10395,Shahid Hopkins,Consumer,Montréal,Quebec,Canada,,Canada,Canada,OFF-ACC-10003636,Office Supplies,Binders,"Acco Binding Machine, Durable",0.0,1,0.0,12.6,9.62,High
47965,CA-2012-8480,20-08-2012,24-08-2012,Second Class,SV-10365,Seth Vernon,Consumer,Vancouver,British Columbia,Canada,,Canada,Canada,TEC-OKI-10004735,Technology,Machines,"Okidata Receipt Printer, Wireless",32325.609983754515,1,0.0,33.18,9.61,Medium
42048,CA-2012-6010,16-04-2012,22-04-2012,Standard Class,JH-5910,Jonathan Howell,Consumer,North York,Ontario,Canada,,Canada,Canada,OFF-ROG-10004393,Office Supplies,Storage,"Rogers Folders, Industrial",124.68,4,0.0,17.4,9.39,Medium
47659,CA-2013-7580,03-06-2013,08-06-2013,Second Class,LP-7095,Liz Preis,Consumer,St. Catharines,Ontario,Canada,,Canada,Canada,OFF-TEN-10003948,Office Supplies,Storage,"Tenex Box, Blue",11367.510637566327,8,0.0,32.88,9.39,Medium
43730,CA-2014-240,18-03-2014,22-03-2014,Standard Class,TB-11280,Toby Braunhardt,Consumer,Calgary,Alberta,Canada,,Canada,Canada,OFF-TEN-10004270,Office Supplies,Storage,"Tenex File Cart, Single Width",134.16,1,0.0,12.06,9.17,Medium
41406,CA-2012-9840,25-06-2012,29-06-2012,Standard Class,LB-6735,Larry Blacks,Consumer,Brampton,Ontario,Canada,,Canada,Canada,OFF-BIC-10003841,Office Supplies,Art,"BIC Canvas, Water Color",113.76,-5,0.0,1.08,9.13,Medium
47865,CA-2014-4530,14-11-2014,17-11-2014,First Class,RD-9480,Rick Duston,Consumer,Laval,Quebec,Canada,,Canada,Canada,OFF-SAN-10004288,Office Supplies,Art,"Sanford Sketch Pad, Blue",90.96,2,0.0,2.7,9.09,Medium
42265,CA-2014-1400,13-08-2014,18-08-2014,Second Class,JK-6120,Julie Kriz,Home Office,Montréal,Quebec,Canada,,Canada,Canada,OFF-ACC-10003636,Office Supplies,Binders,"Acco Binding Machine, Durable",-15.632840198646235,1,0.0,12.6,8.91,Medium
49668,CA-2011-460,13-12-2011,15-12-2011,Second Class,MH-7440,Mark Haberlin,Corporate,Kingston,Ontario,Canada,,Canada,Canada,OFF-ELD-10000151,Office Supplies,Storage,"Eldon File Cart, Industrial",127.89,1,0.0,15.33,8.88,High
44274,CA-2012-1970,29-11-2012,01-12-2012,Second Class,MH-7620,Matt Hagelstein,Corporate,Regina,Saskatchewan,Canada,,Canada,Canada,OFF-ACC-10003636,Office Supplies,Binders,"Acco Binding Machine, Durable",52.59,1,0.0,12.6,8.63,High
48693,CA-2013-5350,02-05-2013,06-05-2013,Standard Class,HK-4890,Heather Kirkland,Corporate,London,Ontario,Canada,,Canada,Canada,TEC-APP-10002829,Technology,Phones,"Apple Audio Dock, Full Size",336.36,2,0.0,30.24,8.59,Medium
49600,CA-2011-370,21-04-2011,28-04-2011,Standard Class,EH-3945,Eric Hoffmann,Consumer,London,Ontario,Canada,,Canada,Canada,TEC-HEW-10004833,Technology,Copiers,"Hewlett Ink, Color",150.12,-2,0.0,21.0,8.56,Medium
41622,CA-2013-6030,28-01-2013,01-02-2013,Second Class,JS-6030,Joy Smith,Consumer,Kitchener,Ontario,Canada,,Canada,Canada,OFF-SME-10004160,Office Supplies,Storage,"Smead Folders, Wire Frame",66.24,4,0.0,3.96,8.51,Medium
41955,CA-2014-3540,01-12-2014,05-12-2014,Standard Class,TG-11640,Trudy Glocke,Consumer,London,Ontario,Canada,,Canada,Canada,TEC-SAN-10001899,Technology,Accessories,"SanDisk Keyboard, Erganomic",79.29,1,0.0,10.29,8.49,Medium
44910,CA-2014-5570,13-03-2014,18-03-2014,Second Class,HR-4770,Hallie Redmond,Home Office,Toronto,Ontario,Canada,,Canada,Canada,OFF-SME-10002417,Office Supplies,Storage,"Smead Trays, Single Width",97.02,2,0.0,31.02,8.39,Medium
44273,CA-2012-1970,29-11-2012,01-12-2012,Second Class,MH-7620,Matt Hagelstein,Corporate,Regina,Saskatchewan,Canada,,Canada,Canada,FUR-ADV-10000188,Furniture,Furnishings,"Advantus Stacking Tray, Erganomic",49.98,2,0.0,15.48,8.33,High
48388,CA-2013-70,12-12-2013,18-12-2013,Standard Class,TZ-11445,Tom Zandusky,Corporate,Richmond Hill,Ontario,Canada,,Canada,Canada,OFF-CAR-10004661,Office Supplies,Binders,"Cardinal Binding Machine, Recycled",100.26,2,0.0,21.0,8.28,Medium
48469,CA-2013-9550,22-02-2013,22-02-2013,Same Day,NW-8400,Natalie Webber,Consumer,North York,Ontario,Canada,,Canada,Canada,OFF-BIC-10002270,Office Supplies,Art,"BIC Pencil Sharpener, Water Color",32.19,1,0.0,12.21,8.27,High
47046,CA-2012-4870,16-08-2012,20-08-2012,Standard Class,TZ-11445,Tom Zandusky,Corporate,Hamilton,Ontario,Canada,,Canada,Canada,OFF-WIL-10002787,Office Supplies,Binders,"Wilson Jones Binder, Recycled",53.52,4,0.0,20.28,8.2,High
43433,CA-2013-7340,10-06-2013,,Second Class,RR-9525,Rick Reed,Corporate,Markham,Ontario,Canada,,Canada,Canada,FUR-DAN-10002314,Furniture,Bookcases,"Dania Stackable Bookrack, Traditional",121.05,1,0.0,50.82,8.17,High
48288,CA-2014-7620,04-08-2014,04-08-2014,Same Day,RB-9705,Roger Barcio,Home Office,Montréal,Quebec,Canada,,Canada,Canada,OFF-NOV-10000141,Office Supplies,Labels,"Novimex Round Labels, 5000 Label Set",26.64,4,0.0,12.48,8.04,Critical
44020,CA-2013-1620,23-10-2013,29-10-2013,Standard Class,DN-3690,Duane Noonan,Consumer,Richmond Hill,Ontario,Canada,,Canada,Canada,TEC-HP -10003345,Technology,Copiers,"HP Fax and Copier, High-Speed",0.0,1,0.0,66.72,7.98,Medium
42998,CA-2011-4850,09-08-2011,13-08-2011,Standard Class,AH-195,Alan Haines,Corporate,Waterloo,Ontario,Canada,,Canada,Canada,OFF-AME-10002956,Office Supplies,Envelopes,"Ames Business Envelopes, Security-Tint",87.84,6,0.0,29.7,7.97,Medium
47447,CA-2012-8910,05-02-2012,05-02-2012,Same Day,NG-8355,Nat Gilpin,Corporate,Edmonton,Alberta,Canada,,Canada,Canada,OFF-SME-10003752,Office Supplies,Storage,"Smead File Cart, Single Width",128.43,1,0.0,1.26,7.78,High
47275,CA-2014-5050,28-03-2014,01-04-2014,Standard Class,ML-8040,Michelle Lonsdale,Corporate,Winnipeg,Manitoba,Canada,,Canada,Canada,OFF-ELI-10001176,Office Supplies,Supplies,"Elite Box Cutter, Easy Grip",-96.49318552656403,2,0.0,10.92,7.69,Medium
41878,CA-2013-1880,28-03-2013,02-04-2013,Standard Class,SG-10080,Sandra Glassco,Consumer,Montréal,Quebec,Canada,,Canada,Canada,OFF-FEL-10004224,Office Supplies,Storage,"Fellowes Trays, Wire Frame",13542.223368929655,1,0.0,14.1,7.68,High
50717,CA-2011-8490,24-02-2011,03-03-2011,Standard Class,TB-11280,Toby Braunhardt,Consumer,Mississauga,Ontario,Canada,,Canada,Canada,OFF-FEL-10002658,Office Supplies,Storage,"Fellowes Shelving, Wire Frame",0.0,1,0.0,23.31,7.54,Low
45161,CA-2012-2420,02-06-2012,06-06-2012,Standard Class,JL-5130,Jack Lebron,Consumer,Oshawa,Ontario,Canada,,Canada,Canada,OFF-BOS-10002073,Office Supplies,Art,"Boston Canvas, Water Color",56.82,1,0.0,8.52,7.44,High
46573,CA-2014-1400,22-02-2014,27-02-2014,Standard Class,LW-7215,Luke Weiss,Consumer,Winnipeg,Manitoba,Canada,,Canada,Canada,TEC-CIS-10001122,Technology,Phones,"Cisco Speaker Phone, VoIP",277.14,0,0.0,91.44,7.42,Medium
49536,CA-2011-4710,18-02-2011,20-02-2011,First Class,SN-10560,Skye Norling,Home Office,Toronto,Ontario,Canada,,Canada,Canada,OFF-ACM-10002713,Office Supplies,Supplies,"Acme Box Cutter, Steel",37.2,1,0.0,13.02,7.41,High
44948,CA-2012-9600,12-07-2012,16-07-2012,Standard Class,MZ-7515,Mary Zewe,Corporate,Montréal,Quebec,Canada,,Canada,Canada,FUR-ELD-10003828,Furniture,Furnishings,"Eldon Light Bulb, Erganomic",95.28,4,0.0,11.4,7.35,Medium
49705,CA-2013-8690,28-03-2013,01-04-2013,Standard Class,JP-5520,Jeremy Pistek,Consumer,Pickering,Ontario,Canada,,Canada,Canada,OFF-AME-10001587,Office Supplies,Envelopes,"Ames Peel and Seal, with clear poly window",133.38,6,0.0,61.2,7.18,Medium
46610,CA-2014-9080,25-08-2014,31-08-2014,Standard Class,DO-3645,Doug O'Connell,Consumer,Calgary,Alberta,Canada,,Canada,Canada,OFF-SAN-10002839,Office Supplies,Art,"Sanford Canvas, Fluorescent",19245.236497105863,2,0.0,38.28,6.98,Medium
49151,CA-2012-7120,09-05-2012,13-05-2012,Standard Class,AS-135,Adrian Shami,Home Office,Edmonton,Alberta,Canada,,Canada,Canada,OFF-ROG-10004393,Office Supplies,Storage,"Rogers Folders, Industrial",187.02,6,0.0,26.1,6.96,Medium
49535,CA-2011-4710,18-02-2011,20-02-2011,First Class,SN-10560,Skye Norling,Home Office,Toronto,Ontario,Canada,,Canada,Canada,OFF-KIT-10001245,Office Supplies,Appliances,"KitchenAid Blender, Black",0.0,1,0.0,36.84,6.88,High
49031,CA-2011-5840,03-05-2011,09-05-2011,Standard Class,CC-2475,Cindy Chapman,Consumer,London,Ontario,Canada,,Canada,Canada,OFF-ACC-10000102,Office Supplies,Binders,"Acco Binding Machine, Clear",101.1,2,0.0,11.1,6.8,Medium
46871,CA-2013-6250,20-08-2013,26-08-2013,Standard Class,JR-6210,Justin Ritter,Corporate,Dartmouth,Nova Scotia,Canada,,Canada,Canada,FUR-NOV-10002911,Furniture,Chairs,"Novimex Steel Folding Chair, Set of Two",168.96,2,0.0,8.4,6.74,Medium
44227,CA-2011-1800,01-03-2011,04-03-2011,First Class,TP-11415,Tom Prescott,Consumer,Toronto,Ontario,Canada,,Canada,Canada,OFF-ACC-10004692,Office Supplies,Binders,"Acco 3-Hole Punch, Recycled",30.48,1,0.0,2.73,6.7,High
50009,CA-2014-4080,17-11-2014,23-11-2014,Standard Class,SR-10425,Sharelle Roach,Home Office,London,Ontario,Canada,,Canada,Canada,OFF-BIN-10000901,Office Supplies,Art,"Binney & Smith Pens, Water Color",60.48,4,0.0,21.72,6.63,Low
50571,CA-2012-9610,not_a_date,09-06-2012,Standard Class,NH-8610,Nicole Hansen,Corporate,North York,Ontario,Canada,,Canada,Canada,OFF-ACC-10002220,Office Supplies,Binders,"Acco Binding Machine, Economy",102.18,2,0.0,29.58,6.6,Medium
48077,CA-2013-9160,22-07-2013,24-07-2013,First Class,CC-2220,Chris Cortes,Consumer,Vaughan,Ontario,Canada,,Canada,Canada,OFF-STI-10002262,Office Supplies,Supplies,"Stiletto Box Cutter, High Speed",35.97,1,0.0,7.89,6.54,High
51102,CA-2011-5810,27-09-2011,01-10-2011,Standard Class,SA-10830,Sue Ann Reed,Consumer,North York,Ontario,Canada,,Canada,Canada,OFF-BIC-10003473,Office Supplies,Art,"BIC Markers, Fluorescent",18988.0470789072,2,0.0,4.38,6.54,High
44974,CA-2012-6570,17-07-2012,21-07-2012,Standard Class,CJ-2010,Caroline Jumper,Consumer,Coquitlam,British Columbia,Canada,,Canada,Canada,FUR-DEF-10001359,Furniture,Furnishings,"Deflect-O Frame, Erganomic",108.66,1,0.0,2.16,6.53,Medium
42264,CA-2014-1400,13-08-2014,18-08-2014,Second Class,JK-6120,Julie Kriz,Home Office,Montréal,Quebec,Canada,,Canada,Canada,TEC-APP-10002829,Technology,Phones,"Apple Audio Dock, Full Size",168.18,1,0.0,15.12,6.41,Medium
49952,CA-2012-9170,16-04-2012,19-04-2012,First Class,CA-2055,Cathy Armstrong,Home Office,Whitby,Ontario,Canada,,Canada,Canada,TEC-LOG-10003254,Technology,Accessories,"Logitech Keyboard, Programmable",73.95,1,0.0,7.38,6.3,Medium
46611,CA-2014-9080,25-08-2014,,Standard Class,DO-3645,Doug O'Connell,Consumer,Calgary,Alberta,Canada,,Canada,Canada,TEC-SAN-10002871,Technology,Accessories,"SanDisk Numeric Keypad, USB",106.32,-4,0.0,34.02,6.24,Medium
42627,CA-2012-3440,not_a_date,07-04-2012,Second Class,PC-9000,Pauline Chand,Home Office,Quebec,Quebec,Canada,,Canada,Canada,TEC-OKI-10003221,Technology,Machines,"Okidata Receipt Printer, Red",120.06,-3,0.0,20.4,6.05,Medium
44834,CA-2013-9380,21-06-2013,25-06-2013,Standard Class,CL-1890,Carl Ludwig,Consumer,Toronto,Ontario,Canada,,Canada,Canada,OFF-TEN-10004210,Office Supplies,Storage,"Tenex Trays, Wire Frame",53.28,1,0.0,26.64,5.99,Medium
42263,CA-2014-1400,13-08-2014,18-08-2014,Second Class,JK-6120,Julie Kriz,Home Office,Montréal,Quebec,Canada,,Canada,Canada,OFF-BIN-10002061,Office Supplies,Art,"Binney & Smith Sketch Pad, Blue",46.32,0,0.0,12.03,5.87,Medium
50301,CA-2014-5120,18-02-2014,23-02-2014,Second Class,JK-5625,Jim Karlsson,Consumer,London,Ontario,Canada,,Canada,Canada,OFF-STA-10002719,Office Supplies,Art,"Stanley Pencil Sharpener, Easy-Erase",52.08,2,0.0,17.7,5.87,Medium
43099,CA-2014-6030,15-05-2014,15-05-2014,Same Day,AB-105,Adrian Barton,Consumer,Toronto,Ontario,Canada,,Canada,Canada,OFF-STA-10003027,Office Supplies,Art,"Stanley Highlighters, Easy-Erase",31596.2335800885,2,0.0,10.74,5.81,High
46238,CA-2014-1450,11-02-2014,14-02-2014,First Class,DM-3525,Don Miller,Corporate,Winnipeg,Manitoba,Canada,,Canada,Canada,OFF-ENE-10003274,Office Supplies,Paper,"Enermax Memo Slips, 8.5 x 11",19.8,1,0.0,0.0,5.81,Critical
43223,CA-2014-7480,26-06-2014,30-06-2014,Standard Class,JP-5460,Jennifer Patt,Corporate,Richmond,British Columbia,Canada,,Canada,Canada,OFF-STA-10001636,Office Supplies,Art,"Stanley Markers, Water Color",0.0,-3,0.0,16.74,5.72,High
47807,CA-2014-7630,06-12-2014,10-12-2014,Standard Class,Dp-3240,Dean percer,Home Office,Burnaby,British Columbia,Canada,,Canada,Canada,FUR-HAR-10002632,Furniture,Chairs,"Harbour Creations Chairmat, Adjustable",74.49,1,0.0,28.29,5.65,High
48395,CA-2012-8000,13-12-2012,15-12-2012,Second Class,PO-9195,Phillina Ober,Home Office,Edmonton,Alberta,Canada,,Canada,Canada,OFF-EAT-10004051,Office Supplies,Paper,"Eaton Memo Slips, Recycled",27.3,2,0.0,5.7,5.59,High
50010,CA-2014-4080,17-11-2014,23-11-2014,Standard Class,SR-10425,Sharelle Roach,Home Office,London,Ontario,Canada,,Canada,Canada,OFF-BIN-10001257,Office Supplies,Art,"Binney & Smith Sketch Pad, Easy-Erase",46.59,1,0.0,6.96,5.57,Low
50058,CA-2013-7710,25-01-2013,29-01-2013,Standard Class,DL-3330,Denise Leinenbach,Consumer,Brampton,Ontario,Canada,,Canada,Canada,OFF-KLE-10002340,Office Supplies,Supplies,"Kleencut Shears, Easy Grip",48.39,1,0.0,0.0,5.48,High
43837,CA-2013-5470,18-10-2013,20-10-2013,Second Class,NG-8430,Nathan Gelder,Consumer,Burnaby,British Columbia,Canada,,Canada,Canada,OFF-AVE-10002102,Office Supplies,Binders,"Avery 3-Hole Punch, Economy",111.48,4,0.0,55.68,5.41,High
44022,CA-2013-1620,23-10-2013,29-10-2013,Standard Class,DN-3690,Duane Noonan,Consumer,Richmond Hill,Ontario,Canada,,Canada,Canada,TEC-SAM-10003948,Technology,Phones,"Samsung Signal Booster, with Caller ID",136.59,1,0.0,0.0,5.24,Medium
48281,CA-2013-9030,04-10-2013,09-10-2013,Standard Class,DC-2850,Dan Campbell,Consumer,North York,Ontario,Canada,,Canada,Canada,OFF-BRE-10003081,Office Supplies,Appliances,"Breville Coffee Grinder, Black",61.29,1,0.0,21.45,5.2,High
49572,CA-2012-9570,23-11-2012,27-11-2012,Standard Class,LC-6885,Lena Creighton,Consumer,Winnipeg,Manitoba,Canada,,Canada,Canada,OFF-BIN-10003023,Office Supplies,Art,"Binney & Smith Sketch Pad, Fluorescent",95.16,2,0.0,4.74,5.19,Medium
44019,CA-2013-1620,23-10-2013,29-10-2013,Standard Class,DN-3690,Duane Noonan,Consumer,Richmond Hill,Ontario,Canada,,Canada,Canada,OFF-FIS-10002784,Office Supplies,Supplies,"Fiskars Box Cutter, High Speed",71.04,2,0.0,24.84,5.15,Medium
47105,CA-2011-1390,03-10-2011,03-10-2011,Same Day,JH-5430,Jennifer Halladay,Consumer,Mississauga,Ontario,Canada,,Canada,Canada,TEC-MEM-10002524,Technology,Accessories,"Memorex Mouse, USB",28.38,1,0.0,5.37,5.12,High
49722,CA-2011-8990,08-03-2011,12-03-2011,Standard Class,DK-3375,Dennis Kane,Consumer,Vancouver,British Columbia,Canada,,Canada,Canada,OFF-IBI-10004074,Office Supplies,Binders,"Ibico 3-Hole Punch, Clear",59.82,2,0.0,23.88,5.0,Medium
49201,CA-2014-850,22-10-2014,27-10-2014,Standard Class,SW-10755,Steven Ward,Corporate,Montréal,Quebec,Canada,,Canada,Canada,TEC-SAN-10002684,Technology,Accessories,"SanDisk Flash Drive, USB",-96.54834913685133,2,0.0,3.18,4.95,Medium
45021,CA-2013-1710,22-01-2013,28-01-2013,Standard Class,DM-2955,Dario Medina,Corporate,Mississauga,Ontario,Canada,,Canada,Canada,OFF-STI-10002040,Office Supplies,Supplies,"Stiletto Ruler, Easy Grip",66.0,4,0.0,27.0,4.92,Medium
46679,CA-2014-9070,10-03-2014,13-03-2014,First Class,AG-495,Andrew Gjertsen,Corporate,Edmonton,Alberta,Canada,,Canada,Canada,OFF-HAM-10003628,Office Supplies,Appliances,"Hamilton Beach Coffee Grinder, Red",42.66,1,0.0,5.1,4.89,Medium
46589,CA-2011-760,09-07-2011,11-07-2011,Second Class,KH-6690,Kristen Hastings,Corporate,Burnaby,British Columbia,Canada,,Canada,Canada,OFF-SAN-10002839,Office Supplies,Art,"Sanford Canvas, Fluorescent",51.78,1,0.0,19.14,4.86,Medium
46298,CA-2014-560,08-10-2014,,Same Day,SW-10275,Scott Williamson,Consumer,Kitchener,Ontario,Canada,,Canada,Canada,OFF-TEN-10003211,Office Supplies,Storage,"Tenex Box, Wire Frame",-7.772640656419995,2,0.0,14.28,4.75,Medium
48282,CA-2013-9030,04-10-2013,09-10-2013,Standard Class,DC-2850,Dan Campbell,Consumer,North York,Ontario,Canada,,Canada,Canada,OFF-STO-10003604,Office Supplies,Fasteners,"Stockwell Staples, Metal",43.68,4,0.0,16.56,4.74,High
48470,CA-2013-9550,22-02-2013,22-02-2013,Same Day,NW-8400,Natalie Webber,Consumer,North York,Ontario,Canada,,Canada,Canada,OFF-AVE-10004159,Office Supplies,Labels,"Avery File Folder Labels, 5000 Label Set",19.02,2,0.0,0.72,4.73,High
43666,CA-2013-8840,30-07-2013,30-07-2013,Same Day,AG-270,Alejandro Grove,Consumer,Abbotsford,British Columbia,Canada,,Canada,Canada,OFF-BIC-10001211,Office Supplies,Art,"BIC Highlighters, Water Color",44.22,2,0.0,7.92,4.72,Medium
48406,CA-2014-8740,28-02-2014,05-03-2014,Standard Class,CR-2625,Corey Roper,Home Office,Windsor,Ontario,Canada,,Canada,Canada,OFF-GRE-10002738,Office Supplies,Paper,"Green Bar Cards & Envelopes, Premium",48.39,1,0.0,15.0,4.67,Medium
47771,CA-2013-1360,22-08-2013,24-08-2013,First Class,HA-4920,Helen Andreada,Consumer,Calgary,Alberta,Canada,,Canada,Canada,OFF-GRE-10001059,Office Supplies,Paper,"Green Bar Note Cards, 8.5 x 11",59.4,2,0.0,24.9,4.61,Medium
46612,CA-2014-9080,25-08-2014,31-08-2014,Standard Class,DO-3645,Doug O'Connell,Consumer,Calgary,Alberta,Canada,,Canada,Canada,TEC-MOT-10004345,Technology,Phones,"Motorola Office Telephone, Full Size",73.05,1,0.0,23.37,4.53,Medium
46299,CA-2014-560,08-10-2014,08-10-2014,Same Day,SW-10275,Scott Williamson,Consumer,Kitchener,Ontario,Canada,,Canada,Canada,OFF-AME-10000244,Office Supplies,Envelopes,"Ames Manila Envelope, Security-Tint",27.09,1,0.0,10.83,4.31,Medium
49191,CA-2013-8550,06-05-2013,12-05-2013,Standard Class,DW-3480,Dianna Wilson,Home Office,Toronto,Ontario,Canada,,Canada,Canada,OFF-STA-10002654,Office Supplies,Art,"Stanley Pencil Sharpener, Fluorescent",0.0,2,0.0,15.84,4.29,Low
50583,CA-2013-8420,06-06-2013,06-06-2013,Same Day,AJ-780,Anthony Jacobs,Corporate,Brampton,Ontario,Canada,,Canada,Canada,FUR-DEF-10000622,Furniture,Furnishings,"Deflect-O Light Bulb, Black",18.99,1,0.0,6.81,4.21,High
51056,CA-2014-6810,23-12-2014,23-12-2014,Same Day,VM-11835,Vivian Mathis,Consumer,Winnipeg,Manitoba,Canada,,Canada,Canada,OFF-BIC-10004826,Office Supplies,Art,"BIC Canvas, Easy-Erase",53.97,1,0.0,18.33,4.2,Medium
44312,CA-2013-4830,13-11-2013,19-11-2013,Standard Class,PF-9120,Peter Fuller,Consumer,Calgary,Alberta,Canada,,Canada,Canada,OFF-ACC-10000808,Office Supplies,Binders,"Acco 3-Hole Punch, Economy",60.24,2,0.0,11.4,4.16,Medium
42668,CA-2014-5160,09-05-2014,15-05-2014,Standard Class,CS-1950,Carlos Soltero,Consumer,Gatineau,Quebec,Canada,,Canada,Canada,OFF-BIN-10001715,Office Supplies,Art,"Binney & Smith Canvas, Easy-Erase",51.63,1,0.0,8.76,4.06,Medium
49487,CA-2011-6800,20-05-2011,22-05-2011,First Class,LS-7245,Lynn Smith,Consumer,Montréal,Quebec,Canada,,Canada,Canada,FUR-DEF-10003676,Furniture,Furnishings,"Deflect-O Stacking Tray, Erganomic",22.32,1,0.0,0.87,4.06,High
46541,CA-2014-3210,22-02-2014,27-02-2014,Standard Class,LS-6975,Lindsay Shagiari,Home Office,Mississauga,Ontario,Canada,,Canada,Canada,OFF-ELD-10000024,Office Supplies,Storage,"Eldon Folders, Blue",33.96,2,0.0,5.76,4.04,Medium
45097,CA-2012-8790,07-07-2012,09-07-2012,First Class,RH-9600,Rob Haberlin,Consumer,Vancouver,British Columbia,Canada,,Canada,Canada,OFF-CAR-10003373,Office Supplies,Binders,"Cardinal Hole Reinforcements, Durable",24269.282121600067,4,0.0,5.64,4.0,High
49538,CA-2011-4710,18-02-2011,20-02-2011,First Class,SN-10560,Skye Norling,Home Office,Toronto,Ontario,Canada,,Canada,Canada,OFF-SAN-10001326,Office Supplies,Paper,"SanDisk Note Cards, 8.5 x 11",29.73,1,0.0,7.71,3.92,High
44637,CA-2012-6700,28-08-2012,30-08-2012,First Class,KB-6600,Ken Brennan,Corporate,Markham,Ontario,Canada,,Canada,Canada,TEC-LOG-10000546,Technology,Accessories,"Logitech Mouse, Bluetooth",29.28,1,0.0,13.17,3.84,High
43429,CA-2013-7340,10-06-2013,12-06-2013,Second Class,RR-9525,Rick Reed,Corporate,Markham,Ontario,Canada,,Canada,Canada,OFF-FEL-10002837,Office Supplies,Storage,"Fellowes Folders, Single Width",52.86,2,0.0,21.66,3.82,High
50457,CA-2013-3370,15-05-2013,17-05-2013,First Class,PO-9180,Philisse Overcash,Home Office,Mississauga,Ontario,Canada,,Canada,Canada,OFF-ACC-10000307,Office Supplies,Binders,"Acco Index Tab, Clear",32.16,4,0.0,13.44,3.81,High
47662,CA-2013-7580,03-06-2013,08-06-2013,Second Class,LP-7095,Liz Preis,Consumer,St. Catharines,Ontario,Canada,,Canada,Canada,FUR-DEF-10000639,Furniture,Furnishings,"Deflect-O Photo Frame, Black",51.9,1,0.0,11.4,3.79,Medium
45991,CA-2012-2740,02-10-2012,,Standard Class,NF-8475,Neil Französisch,Home Office,Calgary,Alberta,Canada,,Canada,Canada,OFF-KLE-10004112,Office Supplies,Supplies,"Kleencut Trimmer, Serrated",76.26,2,0.0,20.58,3.72,Medium
47404,CA-2012-490,20-11-2012,26-11-2012,Standard Class,JL-5235,Janet Lee,Consumer,Laval,Quebec,Canada,,Canada,Canada,OFF-BIN-10001621,Office Supplies,Art,"Binney & Smith Canvas, Fluorescent",105.24,2,0.0,19.98,3.61,Medium
47113,CA-2013-4030,21-08-2013,28-08-2013,Standard Class,RA-9285,Ralph Arnett,Consumer,Longueuil,Quebec,Canada,,Canada,Canada,TEC-KON-10000091,Technology,Machines,"Konica Calculator, Red",97.56,0,0.0,38.04,3.51,Medium
43460,CA-2012-200,26-11-2012,30-11-2012,Standard Class,AF-870,Art Ferguson,Consumer,Peterborough,Ontario,Canada,,Canada,Canada,OFF-BIC-10002722,Office Supplies,Art,"BIC Pens, Water Color",17.46,1,0.0,7.14,3.5,High
45160,CA-2012-2420,02-06-2012,06-06-2012,Standard Class,JL-5130,Jack Lebron,Consumer,Oshawa,Ontario,Canada,,Canada,Canada,FUR-RUB-10001094,Furniture,Furnishings,"Rubbermaid Door Stop, Duo Pack",-51.37255225400597,1,0.0,3.06,3.5,High
46744,CA-2014-3040,27-06-2014,02-07-2014,Standard Class,BW-1065,Barry Weirich,Consumer,North York,Ontario,Canada,,Canada,Canada,OFF-SME-10001853,Office Supplies,Storage,"Smead Folders, Blue",69.96,4,0.0,8.28,3.49,Medium
44275,CA-2012-1970,29-11-2012,01-12-2012,Second Class,MH-7620,Matt Hagelstein,Corporate,Regina,Saskatchewan,Canada,,Canada,Canada,OFF-BOS-10002340,Office Supplies,Art,"Boston Markers, Blue",27854.745860503423,1,0.0,10.8,3.47,High
46365,CA-2014-6550,not_a_date,25-12-2014,Second Class,SV-10815,Stuart Van,Corporate,Montréal,Quebec,Canada,,Canada,Canada,OFF-ENE-10002784,Office Supplies,Paper,"Enermax Parchment Paper, Multicolor",33.6,2,0.0,10.08,3.42,Critical
48214,CA-2011-2590,21-05-2011,,Standard Class,CS-1950,Carlos Soltero,Consumer,Vancouver,British Columbia,Canada,,Canada,Canada,OFF-AVE-10002892,Office Supplies,Binders,"Avery 3-Hole Punch, Recycled",28.23,1,0.0,0.0,3.39,Medium
42149,CA-2014-4170,27-11-2014,02-12-2014,Standard Class,DC-2850,Dan Campbell,Consumer,Oshawa,Ontario,Canada,,Canada,Canada,OFF-ELI-10000443,Office Supplies,Supplies,"Elite Shears, Steel",46.41,0,0.0,21.81,3.35,Medium
43945,CA-2013-8120,16-03-2013,20-03-2013,Second Class,CC-2220,Chris Cortes,Consumer,Vancouver,British Columbia,Canada,,Canada,Canada,OFF-SAN-10004824,Office Supplies,Art,"Sanford Pencil Sharpener, Water Color",26.1,1,0.0,6.78,3.35,High
47454,CA-2014-2080,23-09-2014,28-09-2014,Standard Class,HG-4965,Henry Goldwyn,Corporate,London,Ontario,Canada,,Canada,Canada,OFF-ACM-10002816,Office Supplies,Supplies,"Acme Letter Opener, Steel",29.61,1,0.0,12.12,3.32,Medium
50817,CA-2014-7630,not_a_date,21-09-2014,Standard Class,KT-6465,Kean Takahito,Consumer,Mississauga,Ontario,Canada,,Canada,Canada,OFF-EAT-10004908,Office Supplies,Paper,"Eaton Message Books, Recycled",40.98,2,0.0,5.7,3.31,Medium
41948,CA-2013-800,17-04-2013,17-04-2013,Same Day,ED-3885,Emily Ducich,Home Office,Montréal,Quebec,Canada,,Canada,Canada,OFF-BOS-10004950,Office Supplies,Art,"Boston Pens, Fluorescent",15.48,1,0.0,2.61,3.27,Critical
50774,CA-2013-1260,24-08-2013,26-08-2013,Second Class,DW-3480,Dianna Wilson,Home Office,Guelph,Ontario,Canada,,Canada,Canada,TEC-BRO-10002103,Technology,Copiers,"Brother Ink, Color",148.74,0,0.0,72.87,3.23,Medium
42779,CA-2012-4560,24-12-2012,26-12-2012,First Class,PR-8880,Patrick Ryan,Consumer,Markham,Ontario,Canada,,Canada,Canada,OFF-ACC-10004692,Office Supplies,Binders,"Acco 3-Hole Punch, Recycled",0.0,4,0.0,10.92,3.14,High
49927,CA-2013-8350,22-12-2013,24-12-2013,Second Class,SS-10410,Shahid Shariari,Consumer,Brampton,Ontario,Canada,,Canada,Canada,OFF-BIN-10000308,Office Supplies,Art,"Binney & Smith Canvas, Water Color",54.54,1,0.0,26.16,3.14,High
50298,CA-2014-5120,18-02-2014,23-02-2014,Second Class,JK-5625,Jim Karlsson,Consumer,London,Ontario,Canada,,Canada,Canada,OFF-BIC-10003473,Office Supplies,Art,"BIC Markers, Fluorescent",27.69,1,0.0,2.19,3.11,Medium
44225,CA-2011-1800,01-03-2011,04-03-2011,First Class,TP-11415,Tom Prescott,Consumer,Toronto,Ontario,Canada,,Canada,Canada,OFF-OIC-10002161,Office Supplies,Fasteners,"OIC Push Pins, Assorted Sizes",12.36,1,0.0,2.46,3.1,High
43225,CA-2014-7480,26-06-2014,30-06-2014,Standard Class,JP-5460,Jennifer Patt,Corporate,Richmond,British Columbia,Canada,,Canada,Canada,OFF-BIC-10001632,Office Supplies,Art,"BIC Pens, Easy-Erase",29.1,2,0.0,6.36,3.08,High
45989,CA-2012-2740,not_a_date,07-10-2012,Standard Class,NF-8475,Neil Französisch,Home Office,Calgary,Alberta,Canada,,Canada,Canada,FUR-SAF-10003540,Furniture,Bookcases,"Safco Floating Shelf Set, Metal",196.2,1,0.0,58.86,3.06,Medium
48991,CA-2014-110,08-12-2014,,Second Class,JS-5940,Joni Sundaresam,Home Office,Mississauga,Ontario,Canada,,Canada,Canada,OFF-TEN-10003948,Office Supplies,Storage,"Tenex Box, Blue",-1.3627581951342904,1,0.0,4.11,3.05,High
45859,CA-2013-2160,01-05-2013,,First Class,MG-8205,Mitch Gastineau,Corporate,Regina,Saskatchewan,Canada,,Canada,Canada,OFF-BIN-10000901,Office Supplies,Art,"Binney & Smith Pens, Water Color",15.12,1,0.0,5.43,3.01,Medium
41385,CA-2014-1180,30-12-2014,01-01-2015,First Class,GH-4665,Greg Hansen,Consumer,Dartmouth,Nova Scotia,Canada,,Canada,Canada,OFF-ACC-10002772,Office Supplies,Binders,"Acco Index Tab, Economy",20.16,2,0.0,9.24,2.99,Medium
44947,CA-2012-9600,12-07-2012,16-07-2012,Standard Class,MZ-7515,Mary Zewe,Corporate,Montréal,Quebec,Canada,,Canada,Canada,OFF-TEN-10001031,Office Supplies,Storage,"Tenex Shelving, Single Width",54.69,1,0.0,13.65,2.95,Medium
45162,CA-2012-2420,02-06-2012,06-06-2012,Standard Class,JL-5130,Jack Lebron,Consumer,Oshawa,Ontario,Canada,,Canada,Canada,OFF-HAR-10002479,Office Supplies,Labels,"Harbour Creations Color Coded Labels, 5000 Label Set",26.58,0,0.0,12.72,2.92,High
45876,CA-2014-4720,18-06-2014,23-06-2014,Standard Class,NC-8340,Nat Carroll,Consumer,Guelph,Ontario,Canada,,Canada,Canada,OFF-HON-10000137,Office Supplies,Labels,"Hon Round Labels, Laser Printer Compatible",39.96,6,0.0,16.38,2.9,High
47378,CA-2012-7880,15-09-2012,19-09-2012,Standard Class,ND-8460,Neil Ducich,Corporate,Toronto,Ontario,Canada,,Canada,Canada,OFF-KLE-10000050,Office Supplies,Supplies,"Kleencut Trimmer, High Speed",41.43,1,0.0,11.16,2.85,Medium
43100,CA-2014-6030,15-05-2014,15-05-2014,Same Day,AB-105,Adrian Barton,Consumer,Toronto,Ontario,Canada,,Canada,Canada,OFF-SAN-10004746,Office Supplies,Art,"Sanford Highlighters, Fluorescent",34.02,2,0.0,14.28,2.83,High
44155,CA-2014-6350,23-09-2014,26-09-2014,First Class,YC-11895,Yoseph Carroll,Corporate,Edmonton,Alberta,Canada,,Canada,Canada,OFF-ACC-10003788,Office Supplies,Binders,"Acco Hole Reinforcements, Clear",12.24,2,0.0,0.48,2.82,High
49860,CA-2014-8860,04-07-2014,09-07-2014,Standard Class,TD-10995,Tamara Dahlen,Consumer,Mississauga,Ontario,Canada,,Canada,Canada,OFF-SME-10000018,Office Supplies,Labels,"Smead Round Labels, Laser Printer Compatible",41.4,6,0.0,14.76,2.82,Medium
48416,CA-2012-8950,02-04-2012,06-04-2012,Standard Class,AC-450,Amy Cox,Consumer,Mississauga,Ontario,Canada,,Canada,Canada,OFF-ACC-10004322,Office Supplies,Binders,"Acco Binder, Clear",29.22,2,0.0,9.6,2.81,High
47968,CA-2012-8480,20-08-2012,24-08-2012,Second Class,SV-10365,Seth Vernon,Consumer,Vancouver,British Columbia,Canada,,Canada,Canada,OFF-SAN-10003041,Office Supplies,Art,"Sanford Markers, Water Color",26.43,0,0.0,2.37,2.73,Medium
46638,CA-2014-9840,30-10-2014,03-11-2014,Standard Class,MH-8025,Michelle Huthwaite,Consumer,Mississauga,Ontario,Canada,,Canada,Canada,OFF-ADV-10003369,Office Supplies,Fasteners,"Advantus Thumb Tacks, Assorted Sizes",22.08,2,0.0,3.3,2.67,High
45023,CA-2013-1710,22-01-2013,28-01-2013,Standard Class,DM-2955,Dario Medina,Corporate,Mississauga,Ontario,Canada,,Canada,Canada,OFF-CAR-10001577,Office Supplies,Binders,"Cardinal Binding Machine, Economy",0.0,1,0.0,13.92,2.65,Medium
45882,CA-2013-8330,07-08-2013,10-08-2013,First Class,SJ-10125,Sanjit Jacobs,Home Office,Saanich,British Columbia,Canada,,Canada,Canada,OFF-CAR-10001911,Office Supplies,Binders,"Cardinal Binder Covers, Clear",11.46,1,0.0,2.97,2.65,Medium
50791,CA-2013-1670,12-12-2013,16-12-2013,Standard Class,AS-225,Alan Schoenberger,Corporate,Regina,Saskatchewan,Canada,,Canada,Canada,OFF-BOS-10003478,Office Supplies,Art,"Boston Markers, Fluorescent",27.63,1,0.0,4.14,2.65,High
49935,CA-2014-6960,12-09-2014,17-09-2014,Standard Class,RD-9585,Rob Dowd,Consumer,Vancouver,British Columbia,Canada,,Canada,Canada,FUR-BUS-10003368,Furniture,Bookcases,"Bush Floating Shelf Set, Mobile",695.16,4,0.0,173.76,2.55,Medium
46083,CA-2011-9390,14-04-2011,20-04-2011,Standard Class,GZ-4470,Gary Zandusky,Consumer,Montréal,Quebec,Canada,,Canada,Canada,OFF-STO-10001671,Office Supplies,Fasteners,"Stockwell Staples, Assorted Sizes",31.44,4,0.0,11.28,2.54,Low
43733,CA-2014-240,18-03-2014,22-03-2014,Standard Class,TB-11280,Toby Braunhardt,Consumer,Calgary,Alberta,Canada,,Canada,Canada,OFF-AME-10000244,Office Supplies,Envelopes,"Ames Manila Envelope, Security-Tint",27.09,1,0.0,10.83,2.53,Medium
47966,CA-2012-8480,20-08-2012,24-08-2012,Second Class,SV-10365,Seth Vernon,Consumer,Vancouver,British Columbia,Canada,,Canada,Canada,OFF-CAR-10000319,Office Supplies,Binders,"Cardinal Binder Covers, Recycled",24.72,-3,0.0,11.1,2.49,Medium
51106,CA-2011-770,28-07-2011,02-08-2011,Standard Class,PO-9180,Philisse Overcash,Home Office,Calgary,Alberta,Canada,,Canada,Canada,OFF-ADV-10001437,Office Supplies,Fasteners,"Advantus Paper Clips, Bulk Pack",56.28,4,0.0,8.4,2.47,Medium
47796,CA-2011-1690,11-08-2011,,Same Day,EM-4065,Erin Mull,Consumer,Surrey,British Columbia,Canada,,Canada,Canada,OFF-CAR-10004408,Office Supplies,Binders,"Cardinal 3-Hole Punch, Economy",28.8,1,0.0,12.96,2.42,Medium
47565,CA-2014-3800,29-07-2014,04-08-2014,Standard Class,FG-4260,Frank Gastineau,Home Office,Edmonton,Alberta,Canada,,Canada,Canada,OFF-BOS-10002340,Office Supplies,Art,"Boston Markers, Blue",26.37,1,0.0,10.8,2.4,Medium
41953,CA-2014-3540,01-12-2014,05-12-2014,Standard Class,TG-11640,Trudy Glocke,Consumer,London,Ontario,Canada,,Canada,Canada,FUR-DEF-10002774,Furniture,Furnishings,"Deflect-O Clock, Durable",47.34,-5,0.0,15.12,2.36,Medium
49928,CA-2013-8350,22-12-2013,24-12-2013,Second Class,SS-10410,Shahid Shariari,Consumer,Brampton,Ontario,Canada,,Canada,Canada,OFF-SME-10000973,Office Supplies,Storage,"Smead Folders, Industrial",17.97,1,0.0,4.11,2.33,High
42754,CA-2013-8450,27-11-2013,30-11-2013,Second Class,RW-9630,Rob Williams,Corporate,Hamilton,Ontario,Canada,,Canada,Canada,OFF-IBI-10004916,Office Supplies,Binders,"Ibico Binder Covers, Recycled",14.01,1,0.0,5.16,2.26,High
43034,CA-2012-7440,27-09-2012,04-10-2012,Standard Class,AA-375,Allen Armold,Consumer,Montréal,Quebec,Canada,,Canada,Canada,OFF-CAR-10001746,Office Supplies,Binders,"Cardinal Index Tab, Clear",26.88,4,0.0,11.28,2.25,Medium
49667,CA-2011-460,13-12-2011,15-12-2011,Second Class,MH-7440,Mark Haberlin,Corporate,Kingston,Ontario,Canada,,Canada,Canada,OFF-ACC-10000233,Office Supplies,Binders,"Acco Binder, Economy",0.0,2,0.0,4.2,2.25,High
44226,CA-2011-1800,01-03-2011,,First Class,TP-11415,Tom Prescott,Consumer,Toronto,Ontario,Canada,,Canada,Canada,OFF-HON-10001783,Office Supplies,Labels,"Hon Shipping Labels, 5000 Label Set",11.76,1,0.0,5.64,2.24,High
50570,CA-2012-9610,05-06-2012,09-06-2012,Standard Class,NH-8610,Nicole Hansen,Corporate,North York,Ontario,Canada,,Canada,Canada,OFF-AME-10004759,Office Supplies,Envelopes,"Ames Manila Envelope, with clear poly window",56.46,2,0.0,24.24,2.24,Medium
45135,CA-2012-8880,25-06-2012,27-06-2012,First Class,NM-8445,Nathan Mautz,Home Office,Montréal,Quebec,Canada,,Canada,Canada,OFF-AME-10003180,Office Supplies,Envelopes,"Ames Business Envelopes, Set of 50",18.18,-2,0.0,5.25,2.22,Critical
41479,CA-2014-5020,13-11-2014,13-11-2014,Same Day,AG-495,Andrew Gjertsen,Corporate,Oakville,Ontario,Canada,,Canada,Canada,OFF-IBI-10001494,Office Supplies,Binders,"Ibico Index Tab, Durable",9.27,1,0.0,4.05,2.21,High
47445,CA-2012-8910,05-02-2012,05-02-2012,Same Day,NG-8355,Nat Gilpin,Corporate,Edmonton,Alberta,Canada,,Canada,Canada,OFF-IBI-10000951,Office Supplies,Binders,"Ibico Binder Covers, Economy",13.65,1,0.0,1.89,2.21,High
41635,CA-2012-4520,29-08-2012,02-09-2012,Standard Class,CC-2220,Chris Cortes,Consumer,Laval,Quebec,Canada,,Canada,Canada,OFF-TEN-10003948,Office Supplies,Storage,"Tenex Box, Blue",16.5,1,0.0,4.11,2.18,High
51014,CA-2011-4390,09-09-2011,11-09-2011,Second Class,RA-9885,Ruben Ausman,Corporate,North York,Ontario,Canada,,Canada,Canada,OFF-AVE-10000909,Office Supplies,Labels,"Avery Shipping Labels, Laser Printer Compatible",23.7,2,0.0,3.3,2.18,Critical
46081,CA-2011-9390,14-04-2011,,Standard Class,GZ-4470,Gary Zandusky,Consumer,Montréal,Quebec,Canada,,Canada,Canada,OFF-NOV-10001568,Office Supplies,Labels,"Novimex Shipping Labels, 5000 Label Set",22.74,-4,0.0,8.16,2.16,Low
47338,CA-2012-1690,10-02-2012,17-02-2012,Standard Class,RA-9885,Ruben Ausman,Corporate,Toronto,Ontario,Canada,,Canada,Canada,OFF-KLE-10004543,Office Supplies,Supplies,"Kleencut Ruler, High Speed",13.56,1,0.0,2.97,2.12,Low
50231,CA-2014-3090,12-05-2014,16-05-2014,Standard Class,GZ-4545,George Zrebassa,Corporate,Edmonton,Alberta,Canada,,Canada,Canada,OFF-NOV-10004048,Office Supplies,Labels,"Novimex Legal Exhibit Labels, 5000 Label Set",21.72,2,0.0,2.82,2.12,High
44111,CA-2014-4440,14-08-2014,18-08-2014,Standard Class,MK-8160,Mike Kennedy,Consumer,Toronto,Ontario,Canada,,Canada,Canada,OFF-STO-10001142,Office Supplies,Fasteners,"Stockwell Push Pins, Metal",28.98,2,0.0,0.24,2.07,Medium
44931,CA-2012-9860,12-06-2012,17-06-2012,Standard Class,DH-3675,Duane Huffman,Home Office,Brampton,Ontario,Canada,,Canada,Canada,OFF-GRE-10002510,Office Supplies,Paper,"Green Bar Computer Printout Paper, Recycled",29.67,1,0.0,2.67,2.05,Medium
47661,CA-2013-7580,03-06-2013,08-06-2013,Second Class,LP-7095,Liz Preis,Consumer,St. Catharines,Ontario,Canada,,Canada,Canada,OFF-SAN-10003368,Office Supplies,Art,"Sanford Pens, Blue",-48.99045549284214,2,0.0,5.28,2.04,Medium
43206,CA-2014-4130,09-09-2014,15-09-2014,Standard Class,GB-4530,George Bell,Corporate,Brampton,Ontario,Canada,,Canada,Canada,OFF-ELD-10001882,Office Supplies,Storage,"Eldon Box, Blue",20.52,2,0.0,5.28,2.0,Low
49103,CA-2014-950,04-07-2014,07-07-2014,First Class,SS-10140,Saphhira Shifley,Corporate,Brantford,Ontario,Canada,,Canada,Canada,OFF-CAR-10004229,Office Supplies,Binders,"Cardinal Index Tab, Clear",7.26,1,0.0,2.52,1.99,Critical
41634,CA-2012-4520,29-08-2012,,Standard Class,CC-2220,Chris Cortes,Consumer,Laval,Quebec,Canada,,Canada,Canada,OFF-BIC-10003473,Office Supplies,Art,"BIC Markers, Fluorescent",27.69,1,0.0,2.19,1.96,High
46130,CA-2013-6080,25-09-2013,29-09-2013,Standard Class,TH-11550,Tracy Hopkins,Home Office,Mississauga,Ontario,Canada,,Canada,Canada,OFF-BIN-10002061,Office Supplies,Art,"Binney & Smith Sketch Pad, Blue",92.64,2,0.0,24.06,1.94,Medium
44110,CA-2014-4440,14-08-2014,18-08-2014,Standard Class,MK-8160,Mike Kennedy,Consumer,Toronto,Ontario,Canada,,Canada,Canada,OFF-BIN-10000712,Office Supplies,Art,"Binney & Smith Canvas, Blue",51.36,1,0.0,9.75,1.9,Medium
50640,CA-2012-5670,29-06-2012,03-07-2012,Second Class,BF-1080,Bart Folk,Consumer,Edmonton,Alberta,Canada,,Canada,Canada,OFF-CAR-10000319,Office Supplies,Binders,"Cardinal Binder Covers, Recycled",-54.714222320402975,1,0.0,5.55,1.89,High
46992,CA-2011-8330,22-06-2011,26-06-2011,Standard Class,ML-7755,Max Ludwig,Home Office,Calgary,Alberta,Canada,,Canada,Canada,OFF-IBI-10000684,Office Supplies,Binders,"Ibico Binding Machine, Clear",50.88,1,0.0,23.4,1.87,Medium
49149,CA-2011-3790,24-06-2011,27-06-2011,First Class,CC-2220,Chris Cortes,Consumer,Saskatoon,Saskatchewan,Canada,,Canada,Canada,OFF-STO-10004841,Office Supplies,Fasteners,"Stockwell Paper Clips, Assorted Sizes",-95.60671031020956,1,0.0,4.26,1.87,Medium
46194,CA-2013-5590,08-11-2013,12-11-2013,Standard Class,TS-11085,Thais Sissman,Consumer,Calgary,Alberta,Canada,,Canada,Canada,OFF-ROG-10000332,Office Supplies,Storage,"Rogers Box, Single Width",24.0,1,0.0,2.88,1.82,Medium
47426,CA-2014-4270,15-08-2014,16-08-2014,First Class,MA-7995,Michelle Arnett,Home Office,Vaughan,Ontario,Canada,,Canada,Canada,TEC-SAM-10004851,Technology,Phones,"Samsung Office Telephone, with Caller ID",130.44,2,0.0,30.0,1.81,Medium
42660,CA-2011-450,21-07-2011,26-07-2011,Standard Class,EB-3840,Ellis Ballard,Corporate,Vancouver,British Columbia,Canada,,Canada,Canada,OFF-STI-10000856,Office Supplies,Supplies,"Stiletto Shears, Easy Grip",49.71,1,0.0,10.92,1.8,Medium
42663,CA-2011-450,21-07-2011,26-07-2011,Standard Class,EB-3840,Ellis Ballard,Corporate,Vancouver,British Columbia,Canada,,Canada,Canada,OFF-BIC-10002942,Office Supplies,Art,"BIC Highlighters, Easy-Erase",19.2,1,0.0,4.41,1.76,Medium
42146,CA-2014-4170,27-11-2014,02-12-2014,Standard Class,DC-2850,Dan Campbell,Consumer,Oshawa,Ontario,Canada,,Canada,Canada,OFF-STO-10002026,Office Supplies,Fasteners,"Stockwell Clamps, Bulk Pack",18.84,1,0.0,1.5,1.75,Medium
47967,CA-2012-8480,20-08-2012,24-08-2012,Second Class,SV-10365,Seth Vernon,Consumer,Vancouver,British Columbia,Canada,,Canada,Canada,OFF-HAR-10000681,Office Supplies,Labels,"Harbour Creations Legal Exhibit Labels, 5000 Label Set",22.68,2,0.0,3.6,1.75,Medium
49148,CA-2011-3790,24-06-2011,27-06-2011,First Class,CC-2220,Chris Cortes,Consumer,Saskatoon,Saskatchewan,Canada,,Canada,Canada,OFF-HON-10001132,Office Supplies,Labels,"Hon Round Labels, Adjustable",9.12,2,0.0,3.24,1.75,Medium
45022,CA-2013-1710,22-01-2013,28-01-2013,Standard Class,DM-2955,Dario Medina,Corporate,Mississauga,Ontario,Canada,,Canada,Canada,OFF-ADV-10003125,Office Supplies,Fasteners,"Advantus Paper Clips, Assorted Sizes",22.8,2,0.0,3.42,1.69,Medium
47660,CA-2013-7580,03-06-2013,08-06-2013,Second Class,LP-7095,Liz Preis,Consumer,St. Catharines,Ontario,Canada,,Canada,Canada,OFF-STA-10003803,Office Supplies,Art,"Stanley Highlighters, Fluorescent",31.92,2,0.0,11.76,1.67,Medium
49926,CA-2013-8350,22-12-2013,24-12-2013,Second Class,SS-10410,Shahid Shariari,Consumer,Brampton,Ontario,Canada,,Canada,Canada,OFF-NOV-10002952,Office Supplies,Labels,"Novimex Round Labels, Laser Printer Compatible",12.54,2,0.0,5.88,1.66,High
47278,CA-2012-3180,08-06-2012,13-06-2012,Standard Class,SJ-10215,Sarah Jordon,Consumer,Burlington,Ontario,Canada,,Canada,Canada,OFF-HON-10000934,Office Supplies,Labels,"Hon Legal Exhibit Labels, Laser Printer Compatible",21.72,2,0.0,3.9,1.65,Medium
50892,CA-2012-6060,16-05-2012,22-05-2012,Standard Class,HA-4920,Helen Andreada,Consumer,Surrey,British Columbia,Canada,,Canada,Canada,OFF-BIN-10003327,Office Supplies,Art,"Binney & Smith Markers, Blue",24.09,1,0.0,4.56,1.65,Medium
43846,CA-2014-9470,23-06-2014,25-06-2014,Second Class,SH-10395,Shahid Hopkins,Consumer,Montréal,Quebec,Canada,,Canada,Canada,OFF-ADV-10000308,Office Supplies,Fasteners,"Advantus Push Pins, 12 Pack",13.86,1,0.0,4.83,1.63,High
50105,CA-2014-7680,13-01-2014,15-01-2014,Second Class,BT-1530,Bradley Talbott,Home Office,North York,Ontario,Canada,,Canada,Canada,OFF-SAN-10002639,Office Supplies,Art,"Sanford Markers, Easy-Erase",23.52,1,0.0,0.45,1.59,High
50893,CA-2012-6060,16-05-2012,,Standard Class,HA-4920,Helen Andreada,Consumer,Surrey,British Columbia,Canada,,Canada,Canada,OFF-OIC-10004253,Office Supplies,Fasteners,"OIC Rubber Bands, Bulk Pack",17.07,1,0.0,6.99,1.58,Medium
48076,CA-2013-9160,22-07-2013,24-07-2013,First Class,CC-2220,Chris Cortes,Consumer,Vaughan,Ontario,Canada,,Canada,Canada,OFF-CAR-10001471,Office Supplies,Binders,"Cardinal 3-Hole Punch, Clear",282.6,10,0.0,59.1,1.55,High
49253,CA-2014-6510,28-05-2014,01-06-2014,Standard Class,LS-7245,Lynn Smith,Consumer,North York,Ontario,Canada,,Canada,Canada,OFF-SME-10001149,Office Supplies,Storage,"Smead Folders, Single Width",17.52,1,0.0,5.43,1.54,Medium
43403,CA-2014-5900,09-09-2014,15-09-2014,Standard Class,JH-6180,Justin Hirsh,Consumer,Saskatoon,Saskatchewan,Canada,,Canada,Canada,OFF-SAN-10000335,Office Supplies,Paper,"SanDisk Parchment Paper, Premium",16.71,1,0.0,3.15,1.53,Medium
43321,CA-2012-5460,not_a_date,03-05-2012,First Class,BP-1155,Becky Pak,Consumer,Edmonton,Alberta,Canada,,Canada,Canada,OFF-SME-10000018,Office Supplies,Labels,"Smead Round Labels, Laser Printer Compatible",6.9,1,0.0,2.46,1.52,Critical
43731,CA-2014-240,18-03-2014,22-03-2014,Standard Class,TB-11280,Toby Braunhardt,Consumer,Calgary,Alberta,Canada,,Canada,Canada,OFF-AVE-10003504,Office Supplies,Labels,"Avery Legal Exhibit Labels, 5000 Label Set",23.46,2,0.0,10.74,1.49,Medium
49077,CA-2013-1140,03-01-2013,05-01-2013,Second Class,TC-11475,Tony Chapman,Home Office,Ottawa,Ontario,Canada,,Canada,Canada,OFF-AVE-10003465,Office Supplies,Binders,"Avery Binder, Economy",12.9,1,0.0,5.01,1.44,High
46421,CA-2011-4370,23-09-2011,30-09-2011,Standard Class,DW-3540,Don Weiss,Consumer,Toronto,Ontario,Canada,,Canada,Canada,FUR-DEF-10000622,Furniture,Furnishings,"Deflect-O Light Bulb, Black",18.99,1,0.0,6.81,1.41,Medium
45346,CA-2013-6650,not_a_date,06-01-2013,Standard Class,PB-8805,Patrick Bzostek,Home Office,North York,Ontario,Canada,,Canada,Canada,OFF-SAN-10002441,Office Supplies,Art,"Sanford Highlighters, Blue",15.75,1,0.0,1.71,1.4,Medium
48087,CA-2011-8390,19-01-2011,22-01-2011,Second Class,MK-7905,Michael Kennedy,Corporate,Winnipeg,Manitoba,Canada,,Canada,Canada,OFF-STO-10000347,Office Supplies,Fasteners,"Stockwell Clamps, Assorted Sizes",16.29,-4,0.0,5.7,1.4,Medium
43635,CA-2013-9220,19-12-2013,24-12-2013,Standard Class,AM-705,Anne McFarland,Consumer,Mississauga,Ontario,Canada,,Canada,Canada,OFF-BIN-10000837,Office Supplies,Art,"Binney & Smith Markers, Easy-Erase",0.0,1,0.0,9.72,1.38,Medium
45850,CA-2013-9950,20-08-2013,22-08-2013,First Class,TC-11295,Toby Carlisle,Consumer,Montréal,Quebec,Canada,,Canada,Canada,OFF-STO-10000631,Office Supplies,Fasteners,"Stockwell Push Pins, Assorted Sizes",11.43,1,0.0,4.89,1.38,High
48407,CA-2014-8740,28-02-2014,05-03-2014,Standard Class,CR-2625,Corey Roper,Home Office,Windsor,Ontario,Canada,,Canada,Canada,OFF-HON-10003921,Office Supplies,Labels,"Hon Removable Labels, Laser Printer Compatible",20.16,0,0.0,6.42,1.38,Medium
46082,CA-2011-9390,14-04-2011,20-04-2011,Standard Class,GZ-4470,Gary Zandusky,Consumer,Montréal,Quebec,Canada,,Canada,Canada,OFF-SME-10004519,Office Supplies,Labels,"Smead Removable Labels, Adjustable",8.4,1,0.0,0.06,1.31,Low
50100,CA-2014-900,16-09-2014,20-09-2014,Standard Class,RM-9675,Robert Marley,Home Office,Montréal,Quebec,Canada,,Canada,Canada,OFF-HAR-10001913,Office Supplies,Labels,"Harbour Creations Legal Exhibit Labels, Laser Printer Compatible",10.95,1,0.0,2.4,1.3,High
50597,CA-2012-5610,07-06-2012,12-06-2012,Standard Class,EM-3825,Elizabeth Moffitt,Corporate,Markham,Ontario,Canada,,Canada,Canada,OFF-BIN-10001385,Office Supplies,Art,"Binney & Smith Pens, Fluorescent",-25.960711194869376,1,0.0,0.24,1.3,Medium
49601,CA-2011-370,21-04-2011,28-04-2011,Standard Class,EH-3945,Eric Hoffmann,Consumer,London,Ontario,Canada,,Canada,Canada,OFF-STA-10000298,Office Supplies,Art,"Stanley Canvas, Blue",49.47,1,0.0,7.89,1.22,Medium
41959,CA-2011-9510,29-03-2011,31-03-2011,First Class,RD-9660,Robert Dilbeck,Home Office,Laval,Quebec,Canada,,Canada,Canada,OFF-WIL-10001889,Office Supplies,Binders,"Wilson Jones Hole Reinforcements, Economy",4.53,1,0.0,2.25,1.19,Critical
43432,CA-2013-7340,10-06-2013,12-06-2013,Second Class,RR-9525,Rick Reed,Corporate,Markham,Ontario,Canada,,Canada,Canada,OFF-ELD-10001293,Office Supplies,Storage,"Eldon Box, Wire Frame",9.33,1,0.0,2.97,1.17,High
46939,CA-2013-3830,21-11-2013,26-11-2013,Standard Class,TS-11340,Toby Swindell,Consumer,Brampton,Ontario,Canada,,Canada,Canada,OFF-WIL-10000979,Office Supplies,Binders,"Wilson Jones Hole Reinforcements, Recycled",19.56,4,0.0,4.68,1.16,Medium
48915,CA-2014-1670,25-12-2014,31-12-2014,Standard Class,RF-9345,Randy Ferguson,Corporate,Winnipeg,Manitoba,Canada,,Canada,Canada,OFF-CAR-10001746,Office Supplies,Binders,"Cardinal Index Tab, Clear",13.44,2,0.0,5.64,1.11,Medium
48404,CA-2014-8740,28-02-2014,,Standard Class,CR-2625,Corey Roper,Home Office,Windsor,Ontario,Canada,,Canada,Canada,OFF-KRA-10002752,Office Supplies,Envelopes,"Kraft Clasp Envelope, Recycled",15.6,2,0.0,2.46,1.08,Medium
50642,CA-2012-5670,29-06-2012,03-07-2012,Second Class,BF-1080,Bart Folk,Consumer,Edmonton,Alberta,Canada,,Canada,Canada,OFF-AVE-10002024,Office Supplies,Binders,"Avery Index Tab, Durable",13.38,2,0.0,3.42,1.08,High
50857,CA-2014-4510,24-01-2014,28-01-2014,Standard Class,AO-810,Anthony O'Donnell,Corporate,North York,Ontario,Canada,,Canada,Canada,OFF-EAT-10000820,Office Supplies,Paper,"Eaton Message Books, Multicolor",21.99,1,0.0,10.11,1.07,Medium
46354,CA-2011-4880,23-11-2011,26-11-2011,First Class,EB-3750,Edward Becker,Corporate,Oshawa,Ontario,Canada,,Canada,Canada,OFF-ENE-10002922,Office Supplies,Paper,"Enermax Note Cards, Premium",114.0,4,0.0,11.4,1.05,High
43732,CA-2014-240,18-03-2014,22-03-2014,Standard Class,TB-11280,Toby Braunhardt,Consumer,Calgary,Alberta,Canada,,Canada,Canada,OFF-AVE-10000585,Office Supplies,Labels,"Avery Legal Exhibit Labels, Adjustable",9.24,1,0.0,2.85,1.03,Medium
49350,CA-2011-8190,26-09-2011,29-09-2011,Second Class,DP-3000,Darren Powers,Consumer,Kitchener,Ontario,Canada,,Canada,Canada,OFF-BIN-10000772,Office Supplies,Art,"Binney & Smith Pencil Sharpener, Water Color",29.85,1,0.0,6.84,1.01,Medium
43880,CA-2014-6280,20-10-2014,22-10-2014,First Class,JD-5895,Jonathan Doherty,Corporate,Mississauga,Ontario,Canada,,Canada,Canada,OFF-CAR-10003030,Office Supplies,Binders,"Cardinal Index Tab, Economy",-11.402777318443853,1,0.0,4.02,1.0,Critical
41437,CA-2012-2920,20-03-2012,25-03-2012,Second Class,CS-2130,Chad Sievert,Consumer,Edmonton,Alberta,Canada,,Canada,Canada,FUR-TEN-10003900,Furniture,Furnishings,"Tenex Stacking Tray, Durable",25.23,1,0.0,6.03,0.99,Medium
43402,CA-2014-5900,09-09-2014,15-09-2014,Standard Class,JH-6180,Justin Hirsh,Consumer,Saskatoon,Saskatchewan,Canada,,Canada,Canada,OFF-ADV-10000213,Office Supplies,Fasteners,"Advantus Rubber Bands, Metal",16.71,1,0.0,4.17,0.97,Medium
46196,CA-2013-5590,08-11-2013,12-11-2013,Standard Class,TS-11085,Thais Sissman,Consumer,Calgary,Alberta,Canada,,Canada,Canada,OFF-CAR-10000150,Office Supplies,Binders,"Cardinal Binder, Clear",13.29,1,0.0,0.39,0.95,Medium
50430,CA-2013-3530,09-11-2013,,Standard Class,CP-2085,Cathy Prescott,Corporate,Saanich,British Columbia,Canada,,Canada,Canada,OFF-GLO-10002982,Office Supplies,Envelopes,"GlobeWeis Mailers, Set of 50",38.55,1,0.0,0.36,0.95,Medium
45878,CA-2014-4720,18-06-2014,23-06-2014,Standard Class,NC-8340,Nat Carroll,Consumer,Guelph,Ontario,Canada,,Canada,Canada,OFF-WIL-10002947,Office Supplies,Binders,"Wilson Jones Index Tab, Clear",0.0,1,0.0,0.51,0.91,High
49599,CA-2011-370,21-04-2011,28-04-2011,Standard Class,EH-3945,Eric Hoffmann,Consumer,London,Ontario,Canada,,Canada,Canada,FUR-DEF-10002814,Furniture,Furnishings,"Deflect-O Stacking Tray, Erganomic",23.91,1,0.0,6.69,0.88,Medium
44134,CA-2013-8250,04-02-2013,11-02-2013,Standard Class,NG-8355,Nat Gilpin,Corporate,London,Ontario,Canada,,Canada,Canada,OFF-ACC-10003788,Office Supplies,Binders,"Acco Hole Reinforcements, Clear",6.12,1,0.0,0.24,0.87,Low
47401,CA-2012-490,20-11-2012,26-11-2012,Standard Class,JL-5235,Janet Lee,Consumer,Laval,Quebec,Canada,,Canada,Canada,OFF-KLE-10000296,Office Supplies,Supplies,"Kleencut Letter Opener, Steel",23.76,0,0.0,5.94,0.8,Medium
47115,CA-2013-4030,21-08-2013,28-08-2013,Standard Class,RA-9285,Ralph Arnett,Consumer,Longueuil,Quebec,Canada,,Canada,Canada,OFF-STA-10003956,Office Supplies,Art,"Stanley Pens, Blue",0.0,2,0.0,9.84,0.78,Medium
47453,CA-2014-2080,23-09-2014,28-09-2014,Standard Class,HG-4965,Henry Goldwyn,Corporate,London,Ontario,Canada,,Canada,Canada,OFF-ELD-10000024,Office Supplies,Storage,"Eldon Folders, Blue",16.98,1,0.0,2.88,0.77,Medium
46195,CA-2013-5590,08-11-2013,12-11-2013,Standard Class,TS-11085,Thais Sissman,Consumer,Calgary,Alberta,Canada,,Canada,Canada,OFF-CAR-10003030,Office Supplies,Binders,"Cardinal Index Tab, Economy",8.76,1,0.0,4.02,0.75,Medium
49925,CA-2013-8350,22-12-2013,24-12-2013,Second Class,SS-10410,Shahid Shariari,Consumer,Brampton,Ontario,Canada,,Canada,Canada,OFF-WIL-10001069,Office Supplies,Binders,"Wilson Jones Hole Reinforcements, Clear",7.98,2,0.0,0.84,0.73,High
47176,CA-2012-890,06-12-2012,08-12-2012,First Class,SL-10155,Sara Luxemburg,Home Office,Vancouver,British Columbia,Canada,,Canada,Canada,OFF-BIN-10004563,Office Supplies,Art,"Binney & Smith Pencil Sharpener, Easy-Erase",27.93,0,0.0,3.06,0.71,High
49934,CA-2014-6960,12-09-2014,17-09-2014,Standard Class,RD-9585,Rob Dowd,Consumer,Vancouver,British Columbia,Canada,,Canada,Canada,OFF-HAR-10001714,Office Supplies,Labels,"Harbour Creations Legal Exhibit Labels, Adjustable",8.85,1,0.0,4.05,0.7,Medium
50626,CA-2014-4930,18-11-2014,22-11-2014,Standard Class,AB-255,Alejandro Ballentine,Home Office,Whitby,Ontario,Canada,,Canada,Canada,OFF-ADV-10003030,Office Supplies,Fasteners,"Advantus Staples, 12 Pack",10.29,1,0.0,0.72,0.7,Medium
44525,CA-2014-580,26-06-2014,28-06-2014,Second Class,Dp-3240,Dean percer,Home Office,Kingston,Ontario,Canada,,Canada,Canada,OFF-NOV-10000808,Office Supplies,Labels,"Novimex Round Labels, Adjustable",4.17,1,0.0,1.14,0.69,Critical
48446,CA-2011-9140,04-11-2011,07-11-2011,Second Class,BM-1650,Brian Moss,Corporate,Vaughan,Ontario,Canada,,Canada,Canada,OFF-OIC-10000988,Office Supplies,Fasteners,"OIC Rubber Bands, Metal",17.19,1,0.0,6.51,0.69,Medium
48814,CA-2013-7950,not_a_date,20-12-2013,Second Class,GH-4485,Gene Hale,Corporate,Regina,Saskatchewan,Canada,,Canada,Canada,OFF-ACC-10000307,Office Supplies,Binders,"Acco Index Tab, Clear",16.08,2,0.0,6.72,0.66,High
49670,CA-2011-460,13-12-2011,15-12-2011,Second Class,MH-7440,Mark Haberlin,Corporate,Kingston,Ontario,Canada,,Canada,Canada,OFF-HON-10000966,Office Supplies,Labels,"Hon Round Labels, Alphabetical",6.48,1,0.0,0.06,0.63,High
48405,CA-2014-8740,28-02-2014,05-03-2014,Standard Class,CR-2625,Corey Roper,Home Office,Windsor,Ontario,Canada,,Canada,Canada,OFF-ELD-10003918,Office Supplies,Storage,"Eldon Folders, Wire Frame",16.05,0,0.0,1.59,0.62,Medium
45990,CA-2012-2740,02-10-2012,07-10-2012,Standard Class,NF-8475,Neil Französisch,Home Office,Calgary,Alberta,Canada,,Canada,Canada,OFF-ACC-10000798,Office Supplies,Binders,"Acco Hole Reinforcements, Economy",6.66,1,0.0,0.57,0.6,Medium
44118,CA-2014-8150,23-12-2014,27-12-2014,Standard Class,LT-6765,Larry Tron,Consumer,Montréal,Quebec,Canada,,Canada,Canada,OFF-AVE-10004308,Office Supplies,Binders,"Avery Binder, Durable",28.8,2,0.0,1.44,0.59,Medium
44112,CA-2013-2360,20-02-2013,24-02-2013,Standard Class,CD-1980,Carol Darley,Consumer,Barrie,Ontario,Canada,,Canada,Canada,OFF-SME-10000018,Office Supplies,Labels,"Smead Round Labels, Laser Printer Compatible",6.9,1,0.0,2.46,0.57,Medium
45883,CA-2013-8330,07-08-2013,10-08-2013,First Class,SJ-10125,Sanjit Jacobs,Home Office,Saanich,British Columbia,Canada,,Canada,Canada,OFF-AVE-10001847,Office Supplies,Binders,"Avery Binder, Clear",12.36,1,0.0,1.23,0.57,Medium
43879,CA-2014-6280,20-10-2014,22-10-2014,First Class,JD-5895,Jonathan Doherty,Corporate,Mississauga,Ontario,Canada,,Canada,Canada,OFF-WIL-10001069,Office Supplies,Binders,"Wilson Jones Hole Reinforcements, Clear",3.99,0,0.0,0.42,0.54,Critical
50954,CA-2012-2910,04-06-2012,08-06-2012,Standard Class,PO-8865,Patrick O'Donnell,Consumer,Edmonton,Alberta,Canada,,Canada,Canada,OFF-CAR-10003373,Office Supplies,Binders,"Cardinal Hole Reinforcements, Durable",6.84,1,0.0,1.41,0.54,Medium
42162,CA-2013-870,20-09-2013,23-09-2013,Second Class,MD-7350,Maribeth Dona,Consumer,Calgary,Alberta,Canada,,Canada,Canada,OFF-FEL-10002158,Office Supplies,Storage,"Fellowes Folders, Blue",26.4,1,0.0,13.2,0.53,Medium
45877,CA-2014-4720,18-06-2014,,Standard Class,NC-8340,Nat Carroll,Consumer,Guelph,Ontario,Canada,,Canada,Canada,FUR-NOV-10000222,Furniture,Chairs,"Novimex Steel Folding Chair, Adjustable",84.72,0,0.0,11.85,0.5,High
42462,CA-2014-2430,18-11-2014,20-11-2014,Second Class,LD-7005,Lisa DeCherney,Consumer,Surrey,British Columbia,Canada,,Canada,Canada,OFF-FEL-10001343,Office Supplies,Storage,"Fellowes Box, Wire Frame",18.75,1,0.0,8.61,0.49,High
44851,CA-2012-270,04-09-2012,10-09-2012,Standard Class,RS-9420,Ricardo Sperren,Corporate,Winnipeg,Manitoba,Canada,,Canada,Canada,OFF-AVE-10000909,Office Supplies,Labels,"Avery Shipping Labels, Laser Printer Compatible",11.85,-5,0.0,1.65,0.41,Medium
47360,CA-2011-4310,25-06-2011,28-06-2011,First Class,BW-1110,Bart Watters,Corporate,Toronto,Ontario,Canada,,Canada,Canada,OFF-SAN-10004746,Office Supplies,Art,"Sanford Highlighters, Fluorescent",17.01,1,0.0,7.14,0.41,Critical
42466,CA-2014-1010,06-08-2014,08-08-2014,Second Class,DW-3585,Dorothy Wardle,Corporate,Richmond,British Columbia,Canada,,Canada,Canada,OFF-AVE-10004708,Office Supplies,Binders,"Avery Binder, Recycled",26.52,2,0.0,12.18,0.39,High
43048,CA-2011-3390,21-09-2011,24-09-2011,Second Class,AS-240,Alan Shonely,Consumer,Vaughan,Ontario,Canada,,Canada,Canada,OFF-SME-10004754,Office Supplies,Labels,"Smead Round Labels, Adjustable",4.8,1,0.0,1.44,0.35,Medium
47403,CA-2012-490,20-11-2012,26-11-2012,Standard Class,JL-5235,Janet Lee,Consumer,Laval,Quebec,Canada,,Canada,Canada,OFF-STO-10003605,Office Supplies,Fasteners,"Stockwell Paper Clips, Metal",12.93,1,0.0,0.36,0.15,Medium
50818,CA-2014-7630,17-09-2014,21-09-2014,Standard Class,KT-6465,Kean Takahito,Consumer,Mississauga,Ontario,Canada,,Canada,Canada,OFF-IBI-10001640,Office Supplies,Binders,"Ibico Hole Reinforcements, Economy",6.99,1,0.0,3.42,0.15,Medium
51055,CA-2014-6810,23-12-2014,23-12-2014,Same Day,VM-11835,Vivian Mathis,Consumer,Winnipeg,Manitoba,Canada,,Canada,Canada,OFF-AVE-10002024,Office Supplies,Binders,"Avery Index Tab, Durable",6.69,1,0.0,1.71,0.04,Medium
